Name,Symbol,Price (USD),Volume (USD),Market capacity (USD),Change (1h),Change (24h),Change (7d)
Bitcoin,BTC,9732.85,5865040000.0,1.62576309794e+11,0.01%,7.68%,21.20%
Ethereum,ETH,490.809,1283550000.0,47108326296.9,-0.05%,7.24%,37.34%
Bitcoin Cash,BCH,1683.74,1661220000.0,28328399331.2,-1.11%,5.46%,41.43%
Ripple,XRP,0.254455,157501000.0,9827782490.43,1.07%,1.55%,7.65%
Bitcoin Gold,BTG,373.609,160678000.0,6229588629.62,-1.84%,6.23%,193.02%
Litecoin,LTC,92.599,403528000.0,5001490352.62,0.27%,8.32%,29.36%
Dash,DASH,637.538,141975000.0,4917403022.38,-0.05%,1.40%,43.34%
NEO,NEO,41.3735,78681400.0,2689277500.0,1.84%,9.16%,0.70%
Monero,XMR,165.911,69198800.0,2555859023.21,-0.33%,2.51%,25.36%
IOTA,MIOTA,0.845885,50890900.0,2351162973.44,3.47%,8.34%,-7.25%
Ethereum Classic,ETC,22.7807,202851000.0,2228794001.84,0.92%,5.30%,24.27%
NEM,XEM,0.219452,13505000.0,1975067999.78,-0.16%,3.52%,6.15%
Cardano,ADA,0.0542786,64345100.0,1407285090.9,8.84%,74.91%,80.30%
EOS,EOS,2.7562,156302000.0,1385187838.27,2.52%,40.31%,42.11%
Qtum,QTUM,14.7958,122343000.0,1090317593.72,-0.32%,3.44%,2.64%
Zcash,ZEC,346.148,84037400.0,937881515.725,-0.09%,0.80%,16.06%
OmiseGO,OMG,9.18653,40233400.0,937416963.049,2.95%,10.76%,15.95%
Lisk,LSK,7.95538,31523900.0,917484365.301,-0.63%,1.28%,-19.46%
Stellar Lumens,XLM,0.050556,28425100.0,895541577.019,0.33%,12.15%,34.96%
Hshare,HSR,20.7163,67222000.0,876310428.228,-1.05%,8.38%,9.64%
Tether,USDT,1.00518,715548000.0,678464172.757,-0.31%,-0.05%,0.56%
BitConnect,BCC,301.766,25404800.0,645203470.472,-0.74%,-1.68%,3.42%
Waves,WAVES,5.61383,27128000.0,561383000.0,-1.21%,2.14%,6.12%
Populous,PPT,11.4369,941234.0,471797812.277,1.65%,2.56%,24.13%
Stratis,STRAT,4.59717,14389200.0,453455977.408,0.55%,0.23%,31.72%
Decred,DCR,60.8874,17782800.0,380061943.569,-2.34%,20.54%,78.42%
BitShares,BTS,0.142767,18244200.0,371596802.94,0.81%,5.74%,35.60%
Ardor,ARDR,0.347738,3890780.0,347390086.392,0.90%,26.25%,43.68%
Ark,ARK,3.52973,9906560.0,345847477.573,1.86%,9.60%,12.15%
Komodo,KMD,3.06844,9712040.0,317970529.169,0.84%,11.53%,26.39%
Augur,REP,27.9086,2377430.0,306994600.0,0.06%,1.75%,39.05%
Bytecoin,BCN,0.00167165,3613040.0,306335771.133,-1.71%,1.76%,30.46%
MonaCoin,MONA,4.97175,10812700.0,276484610.189,-0.22%,12.34%,63.18%
Steem,STEEM,1.11026,2459400.0,273946503.773,-1.06%,8.78%,21.45%
Power Ledger,POWR,0.751076,38286100.0,263143157.11,-0.10%,-0.88%,31.83%
DigixDAO,DGD,129.009,9566860.0,258018000.0,-19.38%,47.47%,82.00%
Golem,GNT,0.309479,9359170.0,257805910.328,0.10%,20.22%,45.10%
Raiden Networ...,RDN,5.03391,19012400.0,251695500.0,-3.74%,15.53%,116.92%
TenX,PAY,2.30896,10251800.0,241658778.338,-1.45%,11.44%,24.67%
Vertcoin,VTC,5.49649,25681500.0,228505303.945,-0.40%,0.36%,31.94%
MaidSafeCoin,MAID,0.488094,2608450.0,220888116.983,0.52%,3.67%,25.43%
SALT,SALT,4.47701,7921820.0,220454004.434,0.73%,13.25%,21.76%
Dogecoin,DOGE,0.00195807,8097920.0,219505037.905,-0.10%,-5.39%,42.41%
Exchange Union,XUC,8.29956,2373610.0,205816953.213,-1.40%,6.13%,175.33%
Factom,FCT,23.2321,4449100.0,203167084.174,0.55%,3.15%,21.99%
Gas,GAS,23.3104,1837660.0,200400334.03,1.58%,6.31%,-3.84%
Veritaseum,VERI,98.5207,565451.0,199607414.981,1.02%,8.38%,-7.45%
PIVX,PIVX,3.61937,1856250.0,199088719.6,0.07%,8.20%,20.54%
Nxt,NXT,0.196036,49572500.0,195839952.533,3.14%,49.98%,151.29%
Siacoin,SC,0.00600843,3308990.0,187268132.837,-1.63%,13.66%,40.73%
BitcoinDark,BTCD,143.772,194866.0,185302293.929,0.58%,15.83%,30.71%
Basic Attenti...,BAT,0.182977,4134030.0,182977000.0,0.67%,7.80%,14.95%
Syscoin,SYS,0.342805,32974800.0,181394993.653,0.20%,12.34%,65.15%
Byteball Bytes,GBYTE,280.246,1522420.0,180820899.448,0.55%,8.53%,15.04%
Binance Coin,BNB,1.82163,13064500.0,180366872.82,-0.48%,-3.61%,14.27%
Kyber Network,KNC,1.27897,9654090.0,171551695.393,-1.71%,10.33%,15.12%
Iconomi,ICN,1.68306,1597790.0,167949720.136,-2.12%,-2.73%,48.12%
GameCredits,GAME,2.20875,2080970.0,142144883.73,-0.66%,3.04%,15.50%
TRON,TRX,0.00215106,7036920.0,141320753.885,0.00%,6.22%,4.77%
Metaverse ETP,ETP,3.79474,5424280.0,138424902.101,-0.67%,2.82%,19.07%
Aeternity,AE,0.565488,1557500.0,131770280.735,-2.04%,-4.06%,-1.46%
Status,SNT,0.0372283,5057720.0,129200211.605,2.13%,10.70%,20.16%
Walton,WTC,5.15654,10037400.0,128388450.784,-0.02%,-0.16%,5.37%
Ethos,ETHOS,1.68031,1306000.0,125227151.684,-1.51%,-2.61%,10.43%
ZCoin,XZC,35.334,6074390.0,124640029.337,0.69%,-1.13%,49.23%
Civic,CVC,0.356309,3032950.0,122107094.3,0.42%,7.03%,5.56%
Gnosis,GNO,110.164,1860550.0,121686052.76,-0.28%,0.74%,59.81%
Blocknet,BLOCK,24.2973,235993.0,119114023.172,1.00%,1.73%,9.69%
GXShares,GXS,2.93651,9405360.0,118958020.1,-1.44%,-1.03%,31.60%
Pura,PURA,0.653583,365549.0,112337036.983,-2.84%,0.48%,-4.70%
Bancor,BNT,2.75365,5599310.0,112274215.283,-0.67%,7.05%,30.44%
Einsteinium,EMC2,0.517385,156846000.0,111777862.595,-0.82%,64.94%,291.14%
0x,ZRX,0.220679,3492910.0,110339500.0,-1.37%,0.49%,10.86%
DigiByte,DGB,0.0109717,3929920.0,103856727.654,0.73%,5.32%,21.51%
Bytom,BTM,0.102826,980258.0,101489262.0,-0.73%,-2.53%,-11.10%
Metal,MTL,5.20783,6014620.0,100516295.583,-0.61%,3.94%,24.26%
Verge,XVG,0.00698505,5413090.0,99997811.4979,-0.22%,21.17%,15.52%
FunFair,FUN,0.0229187,1249860.0,97401578.5743,-2.64%,8.11%,30.33%
Quantstamp,QSP,0.155965,15445600.0,96279404.6517,-0.77%,-5.68%,
SingularDTV,SNGLS,0.15577,4106630.0,93462000.0,-3.41%,12.44%,19.75%
Cryptonex,CNX,2.0575,126326.0,92553378.8164,2.82%,2.33%,53.72%
Lykke,LKK,0.346873,324625.0,91238884.3466,-0.25%,-0.99%,-3.60%
Santiment Net...,SAN,1.3477,23218400.0,81539300.054,-0.83%,9.36%,227.84%
Storj,STORJ,0.747341,7429210.0,78636229.4518,0.31%,1.74%,16.91%
Nexus,NXS,1.43025,2062820.0,77260592.2228,0.01%,-0.73%,37.30%
NAV Coin,NAV,1.23465,18085800.0,76655121.0293,0.85%,32.37%,46.91%
Edgeless,EDG,0.923437,3780810.0,75764578.0519,-4.03%,13.54%,40.51%
Substratum,SUB,0.33293,5359020.0,75272626.0756,-1.09%,-0.47%,131.89%
BitBay,BAY,0.0745511,18694800.0,75137626.5064,-4.86%,19.46%,51.52%
Particl,PART,9.64358,369619.0,75082230.8533,1.42%,7.89%,13.33%
ZenCash,ZEN,30.3844,2248560.0,74613388.7417,-1.97%,-9.72%,41.68%
MobileGo,MGO,0.732805,633598.0,71836058.538,-0.44%,-4.35%,59.49%
Aragon,ANT,2.2057,723228.0,71715819.688,1.80%,9.80%,36.58%
AdEx,ADX,1.22478,5109570.0,70436608.6899,-2.04%,8.40%,21.13%
VeChain,VEN,0.253963,1669800.0,70389053.8789,0.12%,4.47%,-3.27%
Ripio Credit ...,RCN,0.144444,20480500.0,70075944.5543,0.80%,0.52%,45.35%
Streamr DATAcoin,DATA,0.0986417,4474890.0,66795672.4236,8.66%,14.63%,36.74%
Monaco,MCO,6.4894,3344670.0,63887333.22,0.28%,7.40%,17.76%
ChainLink,LINK,0.18052,1944870.0,63182000.0,-0.68%,2.10%,11.81%
Achain,ACT,0.20949,923460.0,62847000.0,-4.47%,7.10%,65.83%
Quantum Resis...,QRL,1.20258,2534780.0,62534160.0,-2.63%,10.59%,75.86%
ATMChain,ATM,0.0187079,50619.4,62021421.4453,-11.22%,-11.90%,-23.47%
Ubiq,UBQ,1.57385,733925.0,61419094.049,-2.60%,6.86%,24.82%
PotCoin,POT,0.27448,3311390.0,60044620.458,0.38%,-4.03%,118.34%
I/O Coin,IOC,3.56593,316264.0,58420300.2482,-1.17%,-0.19%,23.00%
Open Trading ...,OTN,22.6139,2439870.0,58286873.0376,0.53%,-15.14%,-34.75%
PayPie,PPP,0.698353,395864.0,57614122.5,-8.36%,-9.18%,33.76%
Skycoin,SKY,9.7095,277446.0,57608385.981,0.20%,37.82%,112.06%
Loopring,LRC,0.196181,1381180.0,56141264.9894,-1.70%,-4.40%,-9.17%
Counterparty,XCP,21.0843,587766.0,55187722.819,-3.26%,0.94%,40.42%
FairCoin,FAIR,0.993416,45346.9,52843603.2836,-2.25%,2.62%,2.17%
Wings,WINGS,0.576811,940442.0,51744753.2661,0.67%,8.07%,17.27%
KuCoin Shares,KCS,0.544002,1373130.0,49527615.4302,-1.21%,-2.88%,-16.81%
DECENT,DCT,0.956684,1115560.0,49083714.4489,-0.80%,21.51%,84.85%
Asch,XAS,0.540854,545109.0,49031936.0595,-1.06%,-4.13%,-9.26%
iExec RLC,RLC,0.617552,464380.0,48830326.5062,-3.51%,1.12%,11.54%
Melon,MLN,79.7229,507452.0,47785906.26,-0.53%,1.38%,18.37%
Aeon,AEON,3.23954,574756.0,47462955.3861,-0.62%,10.04%,31.51%
MinexCoin,MNX,15.5901,119314.0,46770300.0,1.18%,23.54%,22.55%
Peercoin,PPC,1.89629,632816.0,46395050.1449,-1.74%,-2.66%,20.96%
Kin,KIN,6.10186e-05,49745.7,46136014.6342,-8.42%,-9.23%,-16.61%
Feathercoin,FTC,0.248318,669242.0,45457679.1105,-1.42%,5.24%,28.87%
Bitcore,BTX,37.3437,5909080.0,44648206.3075,0.27%,0.24%,40.67%
Groestlcoin,GRS,0.637434,5426980.0,43909936.7876,-1.33%,11.73%,11.64%
Grid+,GRID,1.11142,258527.0,43608220.8272,-10.08%,51.91%,26.36%
Request Network,REQ,0.0681689,1737570.0,43355420.3886,0.49%,6.11%,32.36%
RChain,RHOC,0.233064,35697.0,42409070.1028,-7.31%,-8.15%,46.28%
Triggers,TRIG,1.31853,20443100.0,42332167.1147,-2.30%,27.78%,130.86%
Cofound.it,CFI,0.125949,1854560.0,40933425.0,2.63%,24.62%,35.89%
Tierion,TNT,0.095326,13158100.0,40276537.868,5.37%,8.44%,92.89%
Neblio,NEBL,3.15026,273705.0,39641117.6803,0.21%,-2.61%,0.32%
Viacoin,VIA,1.72547,552615.0,39522204.1699,-0.40%,5.49%,19.26%
Revain,R,0.213216,327298.0,39327691.2,0.52%,7.60%,23.98%
Pillar,PLR,0.17236,416897.0,39192044.128,0.44%,1.20%,2.41%
Zeusshield,ZSC,0.0333157,1190570.0,38385372.2239,-0.42%,-6.26%,-24.67%
Centra,CTR,0.559715,1280430.0,38060620.0,-0.85%,14.35%,-5.26%
SONM,SNM,0.10574,1367110.0,38024104.0,-1.93%,-1.41%,19.27%
Emercoin,EMC,0.919672,213544.0,37693335.9077,-0.29%,8.01%,23.61%
FirstBlood,1ST,0.433972,452268.0,37129937.1626,0.24%,8.27%,25.72%
CloakCoin,CLOAK,7.20407,341410.0,36901879.171,-0.39%,3.31%,14.45%
WeTrust,TRST,0.400027,1293030.0,36861487.9825,-0.68%,-3.51%,55.90%
Moeda Loyalty...,MDA,1.87206,4181270.0,36746456.0693,-1.34%,0.79%,36.76%
Rise,RISE,0.324355,2060160.0,36697265.216,2.33%,9.40%,27.90%
TokenCard,TKN,1.54287,399928.0,36479704.5701,0.70%,14.56%,27.44%
Enigma,ENG,0.482384,1122730.0,36099771.5551,-2.42%,-0.57%,23.34%
Decentraland,MANA,0.0157807,587934.0,35881455.786,-1.34%,0.84%,18.32%
TaaS,TAAS,4.34042,500115.0,35357064.7029,0.25%,-1.98%,-1.78%
FedoraCoin,TIPS,7.80699e-05,1419.28,34598095.6877,3.01%,541.07%,351.94%
Bitdeal,BDL,0.195598,101922.0,34343838.7432,0.59%,-6.92%,1.70%
Gulden,NLG,0.0960514,166873.0,34285657.2089,0.45%,4.21%,11.93%
Modum,MOD,1.97046,1575700.0,34219402.452,-0.80%,0.19%,2.39%
AirSwap,AST,0.228018,2177540.0,34202700.0,-1.38%,3.20%,7.23%
ReddCoin,RDD,0.00116648,902148.0,33451143.0117,-5.42%,-4.34%,8.57%
NoLimitCoin,NLC2,0.158331,120915.0,32373297.7824,1.44%,-4.45%,-6.24%
ATBCoin,ATB,0.794535,2649080.0,31179517.8148,1.00%,8.54%,5.44%
Cobinhood,COB,0.119816,273468.0,30632446.5528,-4.46%,-6.44%,78.60%
OKCash,OK,0.417676,6679990.0,30629580.2901,-2.09%,2.78%,-7.51%
Cindicator,CND,0.0210722,476113.0,30469907.9067,5.18%,4.51%,39.07%
LEOcoin,LEO,0.318796,1056590.0,29921031.1432,0.06%,2.89%,2.16%
Agoras Tokens,AGRS,0.688004,2252660.0,28896168.0,8.38%,45.80%,84.65%
Ambrosus,AMB,0.194012,308977.0,28052384.2417,0.66%,2.06%,1.85%
LBRY Credits,LBC,0.24705,782043.0,27965043.3894,0.24%,9.22%,30.30%
ICOS,ICOS,48.5143,29910.6,27835714.8061,-2.39%,3.07%,-3.31%
Genesis Vision,GVT,7.40633,7419740.0,27601769.1829,3.16%,103.17%,267.34%
Elastic,XEL,0.305521,472584.0,26772021.5686,-0.22%,6.24%,17.62%
ION,ION,1.47856,590417.0,26468996.2991,-4.54%,10.23%,20.78%
Stox,STX,0.611634,2148970.0,26228716.1516,0.78%,4.63%,18.86%
Namecoin,NMC,1.77845,334165.0,26207950.58,0.83%,3.57%,15.54%
Crown,CRW,1.61944,197119.0,26206471.0496,1.28%,-2.10%,27.13%
Eidoo,EDO,2.44221,4904120.0,26152168.8906,1.32%,1.94%,13.62%
district0x,DNT,0.0435002,2670200.0,26100120.0,0.23%,3.84%,-0.39%
Xaurum,XAUR,0.204462,253397.0,25988810.2794,-0.47%,8.93%,21.72%
SIBCoin,SIB,1.59244,95043.7,25313557.5231,0.40%,6.71%,24.90%
Voxels,VOX,0.120063,38968900.0,25213230.0,13.92%,110.36%,188.72%
Diamond,DMD,9.88363,64740.7,25018211.3213,-0.88%,7.65%,-0.81%
Safe Exchange...,SAFEX,0.0116312,392949.0,24977811.795,4.23%,24.03%,32.08%
BlackCoin,BLK,0.326207,1940240.0,24959143.1926,-0.90%,5.88%,29.41%
Viberate,VIB,0.154552,3633580.0,24829005.749,1.74%,13.08%,31.24%
Red Pulse,RPX,0.0456664,855324.0,24812769.9404,-1.23%,-2.76%,-0.39%
Unikoin Gold,UKG,0.185292,246584.0,24609385.2792,-3.40%,-2.39%,59.35%
Dentacoin,DCN,7.55891e-05,42734.3,24580835.7091,7.95%,30.45%,-22.03%
Shift,SHIFT,2.13462,1896180.0,24429245.7545,-9.23%,4.87%,61.01%
RaiBlocks,XRB,0.178925,254955.0,23841450.3277,-0.63%,2.39%,20.28%
Everex,EVX,1.44453,869200.0,23834745.0,-0.45%,0.06%,-14.91%
Jinn,JINN,402.112,5227.46,23605180.736,1.68%,23.26%,155.17%
Synereo,AMP,0.283752,3354020.0,23340396.4476,-0.30%,28.68%,68.96%
Etherparty,FUEL,0.0472833,679232.0,22660509.8249,4.04%,-9.11%,50.18%
CoinDash,CDT,0.0393968,1053390.0,22087819.0784,-1.99%,-0.82%,21.94%
Agrello,DLT,0.254558,263904.0,21886609.9531,0.02%,6.57%,64.64%
Rubycoin,RBY,0.870605,298855.0,21785920.6122,-0.02%,3.63%,15.54%
Delphy,DPY,0.783349,46310.1,21215703.1226,-0.31%,-3.50%,4.06%
Numeraire,NMR,16.9817,636037.0,21185930.849,0.73%,8.26%,52.24%
BlockMason Cr...,BCPT,0.466317,3707480.0,21061766.8854,5.84%,52.55%,111.79%
Mercury,MER,0.210219,4945040.0,21021900.0,3.28%,31.46%,16.55%
Clams,CLAM,7.63762,312704.0,20864960.2257,1.38%,8.48%,35.90%
ToaCoin,TOA,0.0120089,17246.3,20852918.1946,0.03%,8.18%,18.50%
Rialto,XRL,0.242411,96632.3,20604934.9858,0.23%,-2.67%,40.77%
BitDice,CSNO,0.290278,85105.2,20319460.0,-6.19%,13.41%,11.83%
Etheroll,DICE,2.88873,119432.0,20225797.3943,-1.12%,-5.45%,8.73%
Pepe Cash,PEPECASH,0.028791,2825.79,20207942.5031,0.47%,11.99%,11.34%
GridCoin,GRC,0.0513996,253970.0,20061919.3869,-0.01%,10.25%,27.47%
DomRaider,DRT,0.033365,94518.6,19735397.5,-0.24%,-14.00%,-7.43%
Mothership,MSP,0.138254,258987.0,19355560.0,-1.67%,3.95%,21.30%
bitqy,BQ,0.00779086,21592.8,18985880.8938,-2.03%,3.92%,112.09%
Blocktix,TIX,0.474402,4052360.0,18976080.0,0.07%,-8.00%,194.66%
Peerplays,PPY,4.91247,735.802,18770959.729,0.00%,-10.77%,3.98%
Enjin Coin,ENJ,0.0246794,462985.0,18662378.0499,0.23%,5.20%,3.49%
Aventus,AVT,3.04271,1002330.0,18256260.0,3.95%,1.76%,26.27%
Farad,FRD,0.112598,19754.7,18015680.0,-0.65%,71.04%,71.25%
The ChampCoin,TCC,0.108173,447277.0,17840510.6668,-0.63%,9.54%,15.57%
Chronobank,TIME,25.0592,723480.0,17794858.9484,0.10%,5.75%,4.08%
VeriCoin,VRC,0.582684,317122.0,17761015.9392,-0.67%,6.41%,21.30%
Paragon,PRG,0.270831,168524.0,17586869.7276,-2.76%,-7.30%,-26.52%
Humaniq,HMQ,0.107757,311579.0,17549503.8527,-1.20%,9.13%,11.67%
CasinoCoin,CSC,0.454159,3188.36,17531076.4867,0.00%,15.09%,107.12%
Soarcoin,SOAR,0.0245747,26789.6,17511235.9901,0.98%,4.14%,8.77%
SmartCash,SMART,0.0481308,182244.0,17476988.8768,1.32%,9.26%,-14.06%
MonetaryUnit,MUE,0.146135,586827.0,17354860.0479,0.24%,-0.03%,14.98%
Expanse,EXP,2.17237,579236.0,17175618.6316,-0.37%,9.82%,21.37%
SaluS,SLS,16.9817,271215.0,17067547.9815,-1.21%,10.38%,23.45%
Paypex,PAYX,0.247737,15790.4,16940320.048,-2.54%,15.14%,31.63%
Unobtanium,UNO,84.7486,55372.2,16767251.9901,0.15%,7.65%,46.35%
SolarCoin,SLR,0.447865,351406.0,16680444.7808,-1.26%,6.53%,-21.99%
Matchpool,GUP,0.221818,881766.0,16636350.0,1.39%,12.90%,14.55%
DigitalNote,XDN,0.00241351,5340980.0,16618695.5693,-1.24%,5.04%,9.37%
Bitcloud,BTDX,1.07181,75978.9,16546737.6969,0.83%,19.43%,37.27%
WhiteCoin,XWC,0.0657181,289622.0,16331823.9506,-0.54%,14.58%,17.35%
Omni,OMNI,28.889,102182.0,16183049.979,0.01%,4.67%,25.21%
Po.et,POE,0.00734882,218607.0,15846916.0587,-0.33%,-2.09%,0.17%
MCAP,MCAP,0.411965,875385.0,15776463.7836,-0.25%,23.27%,2.26%
Polybius,PLBT,4.11911,120127.0,15738928.2097,6.46%,8.81%,29.88%
BitSend,BSD,0.90947,431697.0,15732421.3215,0.85%,7.60%,5.43%
ALIS,ALIS,0.406309,144189.0,15658599.5653,4.13%,-0.42%,-7.11%
Golos,GOLOS,0.120514,45449.2,15006269.684,-3.05%,4.26%,6.77%
Credence Coin,CRDNC,4.46888,661449.0,14927786.4023,-3.98%,-11.66%,18.90%
Blackmoon Crypto,BMC,0.493666,891869.0,14834293.4264,-0.34%,-0.48%,2.97%
Databits,DTB,0.648476,55760.0,14751407.8648,-2.37%,-1.95%,56.82%
Monetha,MTH,0.0668088,666438.0,14488384.8741,-0.50%,2.24%,1.89%
Patientory,PTOY,0.205978,2589860.0,14418460.0,2.62%,9.02%,30.26%
Maecenas,ART,0.477062,22183.6,14383490.9297,-0.17%,-2.75%,27.20%
Radium,RADS,4.22051,347731.0,14335153.0899,-0.13%,4.54%,10.32%
Decision Token,HST,0.452707,399123.0,14116678.2045,1.82%,3.50%,192.28%
Nexium,NXC,0.203665,201305.0,13548118.8127,0.93%,6.17%,16.96%
Lunyr,LUN,5.89011,801073.0,13534607.3964,0.52%,10.26%,26.36%
NeosCoin,NEOS,3.73376,281264.0,13386258.9896,1.20%,9.38%,15.72%
Burst,BURST,0.00743024,337407.0,13376956.9293,0.22%,9.78%,22.66%
Swarm City,SWT,1.69818,202843.0,13356105.7782,-2.01%,8.00%,-13.85%
Energycoin,ENRG,0.108755,49112.7,13204929.6259,-0.41%,4.33%,4.95%
adToken,ADT,0.0220042,82915.5,13202520.0,-0.37%,7.68%,16.48%
LoMoCoin,LMC,0.0598073,561121.0,13191046.2666,-4.13%,12.15%,22.85%
Nimiq,NET,1.25253,212048.0,13151565.0,-0.58%,2.68%,13.02%
FlorinCoin,FLO,0.0928598,519037.0,13009643.6608,0.43%,16.84%,31.74%
Vcash,XVC,0.843285,240297.0,12949268.7236,-0.15%,5.58%,12.66%
PRIZM,PZM,1.17082,14941.7,12870031.0412,-0.61%,6.45%,16.72%
Hive,HVN,0.0340501,176416.0,12768787.5,-3.24%,13.22%,57.12%
Wagerr,WGR,0.0685122,45997.7,12537732.6,-0.30%,-6.37%,16.73%
Mysterium,MYST,0.639771,627509.0,12430126.2521,-0.63%,11.22%,17.66%
OBITS,OBITS,0.784472,24191.7,12386734.3897,-0.28%,6.90%,27.40%
Credo,CREDO,0.0223888,1504.92,12311415.3577,27.12%,35.63%,36.15%
Waves Communi...,WCT,1.22831,48750.4,12252298.8984,-0.76%,-1.53%,9.15%
DubaiCoin,DBIX,7.80394,281908.0,12251151.6063,5.40%,-11.33%,-23.66%
iXledger,IXT,0.341982,104749.0,12235720.5711,-0.31%,5.62%,42.94%
AirToken,AIR,0.0115777,108552.0,12156585.0,-1.29%,-10.60%,80.49%
SunContract,SNC,0.112134,633643.0,12078178.6588,-1.91%,7.76%,129.36%
Obsidian,ODN,0.494507,331750.0,12065970.8,1.56%,-12.46%,85.75%
Sphere,SPHR,3.80418,241182.0,11728059.7393,-0.03%,5.53%,29.09%
BCAP,BCAP,1.14378,3183.59,11437800.0,-0.24%,8.28%,-5.83%
bitCNY,BITCNY,0.147538,1218730.0,11431967.1762,-0.99%,0.98%,4.30%
Novacoin,NVC,5.83182,286768.0,11134824.3211,1.63%,-0.24%,32.79%
TransferCoin,TX,1.77847,304776.0,11059684.244,-0.28%,-0.85%,-11.12%
Quantum,QAU,0.13984,44993.0,10974776.774,1.09%,-6.04%,27.82%
Primas,PST,0.214172,11216.9,10965606.4,-0.43%,-0.66%,-5.22%
CVCoin,CVCOIN,1.10343,5653.0,10854477.3232,0.25%,16.67%,27.05%
Onix,ONX,0.388332,189997.0,10653039.5262,2.61%,14.75%,29.19%
Pascal Coin,PASC,0.681898,131077.0,10566009.51,-1.05%,3.60%,20.27%
OAX,OAX,0.409329,454015.0,10237011.1213,-0.06%,6.50%,18.46%
DAO.Casino,BET,0.0599329,18141.6,10025025.3692,-2.56%,-4.99%,0.21%
Gambit,GAM,8.26826,57598.5,9905902.34403,0.27%,5.16%,16.09%
Incent,INCNT,0.214564,77759.0,9873511.1265,-0.20%,8.42%,17.78%
Dimecoin,DIME,1.82638e-05,6543.03,9828012.25362,-3.28%,341.58%,-47.69%
YOYOW,YOYOW,0.057614,868605.0,9686481.89356,-3.79%,-7.97%,-9.23%
NVO,NVST,0.638327,3092.16,9574905.0,0.62%,38.72%,161.46%
InvestFeed,IFT,0.0497439,96356.4,9520050.11008,-2.16%,-14.36%,-21.75%
BitBean,BITB,0.00416401,580793.0,9314861.22193,2.72%,15.31%,30.99%
XTRABYTES,XBY,0.0214237,46513.7,9212191.0,1.52%,8.61%,13.87%
Bitcoin Plus,XBC,88.3925,342448.0,9121549.0144,-0.39%,-0.11%,1.57%
KickCoin,KICK,0.0282989,1018430.0,9087845.98611,4.05%,-11.55%,-10.91%
PinkCoin,PINK,0.0243576,270264.0,9010156.3524,1.71%,8.05%,15.29%
Stealthcoin,XST,0.327827,152130.0,9004738.02793,0.46%,14.35%,28.09%
Mooncoin,MOON,4.00445e-05,6120.5,8924877.84699,2.97%,24.42%,-12.95%
Masternodecoin,MTNC,0.179804,10514.7,8774753.59944,0.04%,14.29%,22.61%
Karbowanec,KRB,1.80351,205745.0,8711270.29203,-3.88%,-1.01%,2.98%
Change,CAG,0.273073,321934.0,8649217.62323,-6.12%,-7.87%,-2.87%
Spectrecoin,XSPEC,0.410426,34659.5,8530812.79989,0.19%,8.77%,18.27%
BlockCAT,CAT,1.15273,88977.8,8484232.40926,1.99%,-5.43%,-10.41%
Bitcrystals,BCY,0.362313,143524.0,8415077.86639,-0.60%,0.12%,21.26%
Lampix,PIX,0.0738449,70954.9,8368253.01316,0.97%,-0.88%,33.04%
Musicoin,MUSIC,0.0178261,558615.0,8332333.169,10.51%,27.10%,38.98%
Kore,KORE,4.0657,782819.0,8221188.10115,-0.72%,7.69%,29.86%
Dent,DENT,0.000770353,31721.6,8177112.95073,17.52%,-3.78%,81.76%
Rivetz,RVT,0.307199,16185.7,8062274.38043,-0.75%,6.37%,-6.12%
HTMLCOIN,HTML5,0.000193859,37464.1,7882116.95818,20.00%,14.34%,-40.44%
FoldingCoin,FLDC,0.0150222,1266360.0,7881889.01176,0.78%,31.31%,54.98%
Curecoin,CURE,0.325886,115689.0,7758074.85406,-1.21%,8.13%,11.95%
Centurion,CNT,0.103783,39762.7,7667266.83463,-2.10%,-14.97%,-23.24%
EncryptoTel [...,ETT,0.123179,5983.56,7653257.80374,-1.20%,2.29%,-47.15%
Global Curren...,GCR,0.0704743,63751.4,7289571.2771,1.17%,8.12%,42.29%
Sequence,SEQ,0.155378,43622.2,7019407.7432,-1.04%,7.00%,12.76%
E-Dinar Coin,EDR,0.00782475,722404.0,6934387.25059,3.29%,-12.23%,-3.75%
Sexcoin,SXC,0.0540288,70231.3,6768633.57752,0.72%,15.33%,57.72%
Qwark,QWARK,0.16332,246368.0,6744576.39495,-2.47%,12.13%,18.88%
Auroracoin,AUR,0.771267,36881.6,6677736.99698,1.13%,2.10%,18.75%
LAToken,LA,0.165315,18357.4,6665998.39815,-0.24%,1.75%,26.45%
VIBE,VIBE,0.0387175,63533.0,6635407.24175,-0.78%,2.76%,21.97%
GoldCoin,GLD,0.162718,49361.5,6614513.38575,-0.87%,-0.03%,-1.08%
ExclusiveCoin,EXCL,1.52012,7614290.0,6605804.58972,-4.00%,41.71%,32.32%
APX,APX,9.37306,27750.6,6590938.95774,-1.06%,6.21%,29.16%
Aeron,ARN,0.547253,3854030.0,6459462.86434,-4.94%,-7.24%,29.67%
PoSW Coin,POSW,0.146227,48075.0,6448610.7,4.20%,17.73%,27.82%
Myriad,XMY,0.00416232,116339.0,6378418.25208,0.31%,10.85%,33.19%
Creditbit,CRB,0.386028,233215.0,6371293.36738,-0.05%,12.52%,23.78%
HEAT,HEAT,0.205852,3495.32,6269774.34336,0.01%,-5.85%,-5.21%
Dynamic,DYN,3.53094,366924.0,6257446.0976,-0.16%,-2.72%,1.63%
MyBit Token,MYB,2.3612,17683.5,6177686.82391,-2.61%,-2.79%,13.39%
DCORP,DRP,0.758632,31688.4,6140369.28182,-1.62%,7.80%,-10.78%
ZrCoin,ZRC,1.68462,40096.3,6132879.32544,-1.33%,-5.85%,9.20%
Riecoin,RIC,0.154056,3678190.0,6051523.80418,8.21%,87.37%,153.11%
HempCoin,THC,0.0262678,526828.0,6011371.80892,1.50%,13.83%,43.77%
EuropeCoin,ERC,0.598151,493694.0,5952526.77974,2.33%,19.91%,15.18%
DeepOnion,ONION,1.53479,86220.6,5931150.04899,3.47%,8.78%,73.01%
Pluton,PLU,6.94991,3834.67,5907420.02505,-0.23%,-6.66%,-8.67%
BridgeCoin,BCO,0.219406,21313.7,5905602.10592,0.34%,-4.84%,50.67%
bitUSD,BITUSD,1.0048,625931.0,5751284.288,-0.69%,1.15%,5.17%
Synergy,SNRG,1.7627,51269.3,5677802.84683,0.02%,5.79%,14.86%
Project Decorum,PDC,0.112826,151485.0,5641300.0,-4.73%,-8.98%,-5.29%
COSS,COSS,0.0671084,184106.0,5569997.2,1.56%,3.90%,-0.77%
Xenon,XNN,0.0184662,25770.8,5539860.0,5.73%,15.18%,29.71%
Steem Dollars,SBD,1.62898,1843170.0,5489954.681,-2.93%,2.65%,66.70%
ArtByte,ABY,0.00689556,142064.0,5464988.15961,-2.58%,6.19%,26.20%
TheGCCcoin,GCC,0.010692,5872.43,5323099.86347,-3.18%,0.48%,15.83%
EarthCoin,EAC,0.000454343,16073.2,5229985.35304,0.08%,-5.46%,35.11%
Syndicate,SYNX,0.31697,433148.0,5191483.6359,0.79%,5.40%,30.78%
vSlice,VSL,0.154526,10805.5,5159699.79005,0.18%,50.66%,61.90%
Bitswift,SWIFT,1.24787,752050.0,5077828.79384,0.47%,-8.44%,18.26%
Dovu,DOVU,0.150886,15944.7,5035597.46469,-0.24%,8.76%,52.47%
TrustPlus,TRUST,0.156541,1156800.0,5022867.70918,1.97%,-14.04%,53.10%
DecentBet,DBET,0.149815,23366.1,4954264.81849,-12.27%,-2.06%,-14.66%
Circuits of V...,COVAL,0.0049434,96757.2,4943400.0,-0.28%,4.33%,9.07%
Pesetacoin,PTC,0.0373802,92624.5,4920622.41182,-0.27%,3.16%,8.41%
Rupee,RUP,0.218906,39129.3,4877729.1638,2.84%,11.84%,2.95%
ECC,ECC,0.000193859,3491.22,4846475.0,0.00%,6.59%,20.75%
Autonio,NIO,0.0731909,70456.9,4818020.44597,-19.58%,-9.86%,17.60%
Propy,PRO,0.341315,221259.0,4797937.31378,-1.50%,-2.80%,-0.10%
Memetic,MEME,0.285738,183814.0,4702903.48753,0.11%,14.38%,28.08%
Bela,BELA,0.121452,661442.0,4702165.995,2.04%,23.26%,19.45%
Internet of P...,IOP,2.57493,1285340.0,4676348.39751,1.33%,6.76%,-0.10%
Neutron,NTRN,0.14434,4815.55,4667645.70314,-0.01%,14.04%,22.83%
XCurrency,XC,0.785127,8975.65,4605868.809,0.00%,-3.56%,-29.08%
ClearPoll,POLL,0.657408,230681.0,4601850.08333,-2.19%,32.95%,81.28%
Breakout Stake,BRX,0.731409,77840.0,4584531.94887,-0.40%,4.37%,31.41%
Voise,VOISE,0.00709422,436884.0,4561668.59064,-0.23%,-8.30%,-13.38%
Hedge,HDG,1.21273,62305.4,4498833.36235,-2.77%,25.27%,33.00%
Hush,HUSH,1.95897,65486.8,4392990.225,1.13%,18.24%,21.35%
ParkByte,PKB,0.920938,543899.0,4387372.88469,0.28%,15.92%,54.85%
ChainCoin,CHC,0.309721,46360.6,4361308.732,-7.43%,-14.12%,-17.04%
REAL,REAL,0.432812,15930.8,4352278.2674,-1.77%,4.59%,22.40%
PutinCoin,PUT,0.0137029,859.22,4332739.10765,8.33%,23.19%,26.99%
Primecoin,XPM,0.201292,69123.2,4320666.17455,0.60%,9.28%,30.08%
Blitzcash,BLITZ,1.04151,44192.0,4277014.22419,-0.64%,3.69%,17.96%
SuperCoin,SUPER,0.088322,105575.0,4140779.03309,-6.54%,-14.18%,-34.23%
Tao,XTO,0.125738,4135.6,4103874.78218,0.00%,-16.06%,-12.40%
Breakout,BRK,0.209534,138481.0,3801383.20325,-1.21%,20.13%,25.25%
EverGreenCoin,EGC,0.281417,36538.0,3748840.44181,-0.01%,9.07%,18.26%
Terracoin,TRC,0.172077,5273.61,3740231.74797,3.19%,3.64%,2.30%
2GIVE,2GIVE,0.00717252,50265.5,3717893.93995,2.78%,9.91%,16.92%
Indorse Token,IND,0.0797385,376049.0,3708493.44109,-0.47%,18.94%,36.23%
Bismuth,BIS,0.753371,34611.4,3681396.36062,0.03%,30.71%,36.92%
VeriumReserve,VRM,2.64655,119976.0,3660923.37657,2.29%,0.54%,7.49%
ZClassic,ZCL,1.98141,187866.0,3585955.818,-1.30%,-0.06%,13.22%
BuzzCoin,BUZZ,0.000690168,90735.8,3570515.48572,-1.82%,5.01%,92.96%
Bitmark,BTM,0.482659,29773.3,3493553.41426,-1.99%,5.95%,3.99%
ProCurrency,PROC,0.0357613,10700.0,3427259.41619,-0.01%,-4.32%,16.69%
TrueFlip,TFL,0.545119,1096.57,3405503.93977,-0.24%,-2.28%,-11.84%
CHIPS,CHIPS,0.174473,9731.18,3389872.52549,-0.01%,37.02%,39.88%
GeoCoin,GEO,1.00778,71183.2,3340165.8764,-4.41%,1.05%,-0.01%
Publica,PBL,0.17906,176399.0,3327459.89345,-14.85%,31.53%,
Quark,QRK,0.0129432,6756.63,3264916.43767,2.16%,10.23%,34.77%
Royal Kingdom...,RKC,1.20789,9036.75,3261303.0,0.01%,-3.72%,-21.97%
eBitcoin,EBTC,0.172538,96944.0,3260472.32579,-2.85%,25.29%,53.05%
CarTaxi Token,CTX,0.0523533,11979.8,3221680.02051,-0.15%,12.52%,9.08%
Social,SCL,0.192406,55067.9,3215877.66753,1.50%,12.83%,5.84%
Ethereum Blue,BLUE,0.0923444,236912.0,3094434.15647,-4.09%,76.00%,318.45%
Hubii Network,HBT,0.13628,2296.31,3033762.95389,-0.24%,9.93%,-18.10%
Creativecoin,CREA,0.226329,3001.8,2900654.51432,0.03%,6.44%,20.29%
HunterCoin,HUC,0.141032,173729.0,2855778.1228,-1.75%,14.37%,31.21%
Oceanlab,OCL,0.0609595,7577.39,2834616.75,0.21%,-6.21%,-14.58%
Yocoin,YOC,0.0259068,25663.0,2821706.66475,4.18%,-27.65%,-32.07%
Primalbase Token,PBT,2820.88,75301.0,2820880.0,-0.46%,-7.04%,-33.26%
PiplCoin,PIPL,0.0334946,1710.99,2794932.04641,-0.02%,-2.82%,3.07%
Pandacoin,PND,8.59565e-05,1247.64,2794868.45432,-0.31%,176.56%,244.77%
Opus,OPT,0.0198756,6263.63,2784184.95767,1.45%,39.50%,19.69%
XP,XP,1.62602e-05,5083.61,2776264.99565,-35.73%,85.14%,117.89%
Mintcoin,MINT,0.00011062,2965.99,2759665.99058,-1.03%,12.48%,0.40%
SpreadCoin,SPR,0.300511,98749.6,2751836.2009,-0.12%,1.98%,12.73%
Startcoin,START,0.0605552,156956.0,2729815.39663,-0.02%,19.23%,31.73%
DopeCoin,DOPE,0.0245245,90506.9,2724319.97845,-0.64%,1.61%,14.23%
Darcrus,DAR,0.198273,2239.72,2696589.7438,-0.77%,6.84%,44.91%
AudioCoin,ADC,0.00320338,3458.51,2676492.55354,-0.01%,-6.48%,1.33%
Intelligent T...,ITT,0.272555,2341.58,2670466.40126,-0.30%,19.48%,36.00%
CannabisCoin,CANN,0.0343508,58898.6,2652952.66449,0.05%,7.65%,32.76%
Atmos,ATMS,0.0262673,73303.1,2634670.96962,0.00%,4.64%,4.66%
e-Gulden,EFL,0.167656,48723.3,2606139.52048,-1.42%,0.83%,11.83%
Embers,MBRS,0.0511049,3382.17,2555245.0,-0.24%,4.24%,9.89%
Paccoin,PAC,8.04683e-07,12164.0,2549237.93584,4.64%,0.06%,87.48%
XGOX,XGOX,0.00507377,77095.6,2523813.06641,-1.08%,-20.39%,-62.01%
Fantomcoin,FCN,0.407103,15727.3,2520040.46437,-0.01%,-10.61%,159.57%
Woodcoin,LOG,0.310077,1579.73,2491528.55648,-0.01%,3.67%,15.18%
Dotcoin,DOT,0.00926634,131485.0,2475437.86662,0.28%,13.26%,23.49%
EquiTrader,EQT,0.252432,14535.9,2469388.10536,0.24%,-5.22%,-34.87%
Kolion,KLN,4.11242,506940.0,2467452.0,-1.06%,6.63%,6.73%
BlueCoin,BLU,0.00418161,1054.69,2403103.00226,-6.38%,-14.26%,-17.85%
SHIELD,XSH,0.00512842,67918.6,2368777.23588,1.07%,36.85%,100.79%
Espers,ESP,0.000113431,21124.2,2358190.17124,3.73%,14.87%,71.71%
Starta,STA,0.462413,4077.3,2343931.72948,2.44%,-5.09%,11.53%
Tokes,TKS,2.06459,60516.4,2339194.92213,-0.15%,4.80%,21.44%
vTorrent,VTR,0.215959,190514.0,2335805.16309,0.49%,8.37%,11.99%
DraftCoin,DFT,1.05005,242136.0,2309870.59255,-1.03%,9.82%,27.81%
Crave,CRAVE,1.5996,4567.47,2303116.8768,0.00%,7.17%,5.68%
Privatix,PRIX,1.96651,9021.13,2257381.96218,-2.11%,3.65%,4.16%
Janus,JNS,0.0981645,1848.34,2252417.30762,0.80%,-12.23%,-3.85%
Magi,XMG,0.295549,36323.5,2248663.43701,0.08%,5.83%,16.56%
Cryptonite,XCN,0.00592617,17816.5,2200492.42427,-0.08%,-8.30%,97.53%
WorldCoin,WDC,0.0187204,6870.1,2196784.12854,1.09%,-14.74%,64.74%
Tracto,TRCT,0.548753,10288.5,2157764.04274,-16.38%,-19.00%,-39.16%
Sumokoin,SUMO,0.921341,97005.6,2138993.83407,4.20%,7.00%,118.02%
Zoin,ZOI,0.137084,10928.2,2121546.255,-0.11%,7.46%,25.56%
Megacoin,MEC,0.0584167,8073.75,2121066.56425,-0.33%,1.83%,24.77%
ATLANT,ATL,0.154686,4880.07,2045726.42012,3.62%,1.39%,2.48%
Innova,INN,2.65822,152602.0,2044881.07526,9.69%,28.30%,-19.60%
Zennies,ZENI,0.00203531,7795.08,2036964.37232,-0.01%,8.08%,20.73%
NEVERDIE,NDC,0.049158,551.918,2015684.4636,-5.30%,-1.80%,15.36%
LuckChain,BASH,0.00281105,3940.67,2012341.58141,0.00%,-17.78%,33.54%
FundYourselfNow,FYN,2.33694,17269.7,1986399.0,-0.23%,10.16%,-5.79%
FLiK,FLIK,0.0327772,28148.3,1970685.95516,-14.88%,-12.71%,-21.52%
Visio,VISIO,0.0384971,2678.49,1957169.49253,4.65%,-1.06%,3.33%
Crypto Bullion,CBX,1.93736,2385.81,1947125.92812,25.48%,-24.07%,-13.98%
VIVO,VIVO,2.62255,37888.2,1918148.28177,-9.98%,-19.74%,-33.26%
Remicoin,RMC,0.965513,4299.12,1910966.44761,-0.01%,-10.71%,-18.26%
Altcoin,ALT,15.5723,3715.5,1902549.93341,0.21%,8.89%,-1.47%
NewYorkCoin,NYC,1.44897e-05,4881.48,1869646.29785,-0.96%,-55.79%,-17.90%
CryptoPing,PING,0.183805,23330.8,1829243.71864,-0.67%,7.70%,2.52%
Elixir,ELIX,0.0743199,16793.2,1820825.01141,0.09%,13.81%,26.66%
Pirl,PIRL,0.416413,42999.6,1791938.40334,0.59%,4.17%,6.14%
Condensate,RAIN,0.0213422,30803.3,1754971.04727,-1.37%,-30.68%,-36.18%
TrezarCoin,TZC,0.021886,5740.47,1748225.2282,-0.30%,5.83%,27.24%
BitcoinZ,BTCZ,0.00311326,9419.39,1748017.92299,1.02%,2.00%,-2.28%
Signatum,SIGT,0.0160043,34163.2,1728028.53339,-3.31%,13.79%,33.81%
HyperStake,HYP,0.00159234,727.074,1691647.77709,2.89%,9.69%,26.86%
HelloGold,HGT,0.00641669,4955.32,1687811.8343,-1.30%,-4.92%,11.69%
Legends Room,LGD,0.838939,76431.1,1677878.0,0.59%,6.26%,6.75%
Adzcoin,ADZ,0.03812,3733.82,1661433.04228,1.95%,11.76%,22.50%
Unity Ingot,UNY,0.0080096,10253.1,1617939.2,0.02%,-1.03%,-28.37%
1337,1337,6.74753e-05,3559.44,1584761.82377,0.13%,21.49%,50.77%
Internxt,INXT,2.50778,28187.7,1578922.21974,-0.05%,11.39%,3.01%
eBoost,EBST,0.126008,65135.4,1512096.0,-1.97%,2.06%,19.84%
DNotes,NOTE,0.0116238,3416.81,1503386.1786,-2.48%,-6.24%,-34.91%
Qvolta,QVT,0.223195,1579.2,1502040.30179,-0.24%,7.17%,27.22%
ArcticCoin,ARC,0.0604756,35148.5,1485503.95796,-0.13%,4.00%,-13.19%
Giga Watt Token,WTT,1.64476,69686.1,1480284.0,-0.79%,-1.06%,8.53%
RouletteToken,RLT,0.143438,38759.5,1465520.65807,0.88%,-21.23%,-43.81%
LIFE,LIFE,0.000222262,88005.9,1455627.36579,-19.14%,-24.62%,0.80%
Greencoin,GRE,0.000388754,3588.92,1387013.87552,33.16%,26.56%,3.63%
SkinCoin,SKIN,0.0146434,18997.1,1291306.01496,-3.19%,-1.90%,12.05%
FlypMe,FYP,0.0730613,6772.16,1288704.96415,12.37%,-39.19%,-25.06%
FIMKrypto,FIMK,0.00222937,1454.52,1286356.78523,0.00%,-26.21%,2.92%
Footy Cash,XFT,0.282543,10003.0,1284978.86369,0.00%,28.93%,79.06%
Influxcoin,INFX,0.757594,47677.3,1267745.24617,-1.61%,3.52%,13.49%
Growers Inter...,GRWI,1.11409,13913.1,1241802.81588,-0.01%,5.38%,-12.93%
Emphy,EPY,0.162076,2426.75,1237757.86728,-0.30%,-11.38%,-27.43%
Bytecent,BYC,0.64962,34797.4,1222069.9071,-2.38%,5.07%,8.86%
UltraCoin,UTC,0.0268642,4251.32,1197034.25129,0.01%,9.71%,23.42%
Renos,RNS,0.0355731,4004.19,1186579.05587,-0.01%,-3.12%,2.28%
Miners' Rewar...,MRT,0.117681,12061.5,1176810.0,-0.80%,2.68%,-0.99%
GoByte,GBX,11.3145,173530.0,1167081.70395,2.32%,-4.97%,
Fastcoin,FST,0.00901855,6541.16,1136337.3,-9.52%,4.92%,7.59%
Bowhead,AHT,0.140702,626.923,1125616.0,-0.01%,-11.27%,-20.29%
CryptoInsight,TKR,0.087658,4077.49,1098332.55798,-0.30%,-5.86%,-9.43%
Gimli,GIM,0.013628,2769.89,1090240.0,-0.24%,56.42%,11.45%
KekCoin,KEK,0.104393,1844.89,1084935.83138,-0.01%,0.82%,17.90%
GCoin,GCN,7.33371e-06,4223.58,1081357.44626,0.31%,41.95%,61.00%
Zetacoin,ZET,0.00646881,1810.31,1080881.44383,0.99%,-0.28%,46.53%
GoldReserve,XGR,0.0620395,772.315,1065303.95731,0.12%,36.73%,161.96%
SmartCoin,SMC,0.0448878,5316.99,1056211.28238,-2.40%,44.87%,108.51%
Zeitcoin,ZEIT,2.79745e-05,2989.47,1034249.64495,8.44%,-41.68%,-44.14%
Coin(O),CNO,0.00981805,3984.74,1032509.21634,0.01%,-26.53%,-6.70%
Shorty,SHORTY,0.0101776,1757.8,1017760.00133,0.00%,10.11%,17.58%
EthBet,EBET,0.116097,1300.89,987114.7425,-0.41%,10.56%,64.99%
Pure,PURE,0.358638,11735.4,974785.558733,0.00%,2.19%,-25.93%
Unitus,UIS,0.0206659,1320.06,966872.033891,0.00%,3.57%,-28.69%
NuBits,USNBT,0.999923,224153.0,960849.008929,-0.23%,-0.28%,0.05%
LiteDoge,LDOGE,6.41442e-05,2019.05,955200.757301,0.73%,5.37%,9.61%
Xios,XIOS,0.452665,20556.6,954907.794622,-0.50%,19.46%,34.52%
Bitzeny,ZNY,0.0125665,8762.99,950209.61425,7.17%,1.82%,-10.29%
Happycoin,HPC,0.073468,42861.0,940205.406595,12.58%,-0.12%,28.12%
Linx,LINX,0.0766805,18840.3,909676.1076,-0.67%,-0.56%,9.51%
Unify,UNIFY,0.0497358,7612.78,884018.02279,3.60%,2.86%,24.69%
MonacoCoin,XMCC,0.343508,6695.66,882781.945319,-0.02%,5.08%,15.88%
Moin,MOIN,0.11629,4127.92,846285.984247,-9.23%,-4.95%,-7.66%
GoldBlocks,GB,0.0552708,90190.1,841504.100495,-3.09%,39.41%,426.91%
EcoCoin,ECO,0.726323,106448.0,835548.744137,-0.02%,23.19%,181.99%
Denarius,DNR,0.436035,6080.39,828284.673428,17.38%,38.51%,47.64%
Dinastycoin,DCY,0.000582672,1649.9,827894.209398,0.05%,-26.31%,-4.72%
WavesGo,WGO,0.0838844,2430.67,827562.974235,-1.15%,8.62%,14.40%
CryptoCarbon,CCRB,0.230451,57897.7,820892.042061,0.00%,3.38%,-1.65%
42-coin,42,19405.1,8161.48,815014.189327,-0.04%,11.15%,57.31%
Minereum,MNE,0.530673,12666.4,807341.601622,-6.75%,2.77%,23.36%
Canada eCoin,CDN,0.00827267,1895.02,805886.650209,0.09%,21.48%,29.64%
InsaneCoin,INSN,0.0436142,2458.81,790659.508569,-0.01%,19.02%,-29.18%
TagCoin,TAG,0.132906,1234.22,789117.692644,1.95%,55.42%,12.36%
BitBoost,BBT,0.162238,2428.7,788943.600964,-4.99%,1.38%,-45.12%
Capricoin,CPC,0.394345,102759.0,784764.295525,-0.52%,5.90%,29.92%
UnbreakableCoin,UNB,0.344099,54612.1,783909.13685,0.62%,4.66%,14.91%
Netko,NETKO,0.180174,7337.33,772651.87551,-3.99%,-8.56%,-8.81%
HiCoin,XHI,0.00406886,68081.3,771984.767453,-2.71%,6.26%,-4.20%
StarCredits,STRC,0.168851,2103.1,759829.5,-0.01%,0.40%,17.93%
Helleniccoin,HNC,0.0116313,8313.15,745093.867925,-3.44%,2.15%,-29.90%
Universal Cur...,UNIT,0.0609797,9288.61,739975.944536,-16.05%,30.77%,45.45%
IntenseCoin,ITNS,0.00271402,1461.19,737275.539824,7.70%,4.21%,30.48%
Bata,BTA,0.147016,7521.75,732722.192997,1.99%,6.87%,-5.64%
Abjcoin,ABJ,0.0878915,121824.0,726439.686651,-3.75%,58.10%,-90.96%
Mao Zedong,MAO,0.116121,888.991,722866.173866,-0.01%,0.49%,-6.77%
Linda,LINDA,0.000120225,1892.26,721762.331569,0.26%,-5.74%,-8.73%
BitBar,BTB,19.6423,674.064,691701.808249,-0.01%,4.98%,9.50%
Bitradio,BRO,0.117032,2619.34,687910.900145,-7.06%,2.98%,-19.05%
Solaris,XLR,1.15408,10571.9,682772.891733,-0.03%,14.54%,33.31%
Accelerator N...,ACC,3.99105,9984.92,682235.212603,-8.07%,-8.26%,
MazaCoin,MZC,0.000504298,6253.89,680587.161651,-6.13%,36.28%,109.36%
ColossusCoinXT,COLX,0.000142676,4515.03,676471.17621,0.04%,-41.96%,15.77%
UFO Coin,UFO,0.000193859,2628.53,675964.041541,0.00%,8.04%,20.75%
Ellaism,ELLA,0.281095,12407.6,671808.61715,-1.06%,7.58%,17.03%
Dashcoin,DSH,0.0370204,817.106,650632.433595,7.06%,16.47%,54.50%
HoboNickels,HBN,0.0108561,632.466,648069.636367,0.00%,1.16%,10.93%
SmileyCoin,SMLY,2.48625e-05,2542.92,645436.715625,2.00%,-1.43%,18.61%
Etheriya,RIYA,0.405219,614.909,640866.410289,-0.01%,-34.82%,0.30%
Billionaire T...,XBL,0.190138,35683.6,630378.201336,0.00%,-12.68%,-22.79%
InflationCoin,IFLT,1.84633e-05,500.638,613940.512073,-9.70%,104.04%,45.76%
Magnet,MAG,0.269754,38983.7,602798.067988,-0.94%,5.10%,
TeslaCoin,TES,0.0081777,4719.51,600245.065364,0.02%,1.46%,2.51%
Bitcoin Red,BTCRED,0.0581557,99183.3,581557.0,-3.86%,-4.42%,125.58%
FujiCoin,FJC,0.000485806,2263.61,581061.261125,0.29%,0.46%,19.87%
ZCash Gold,ZCG,0.285521,52560.2,573216.242415,-1.75%,31.44%,1095.16%
DigitalPrice,DP,0.0330654,14974.0,571256.82994,7.95%,-11.98%,32.84%
Monkey Project,MONK,5.33111,26571.4,564016.217322,-4.05%,-9.53%,
Crystal Clear,CCT,0.213245,16202.3,552965.367977,4.25%,-2.54%,2.73%
Ethereum Gold,ETG,0.0459137,16288.9,550964.4,-6.90%,64.52%,40.68%
Senderon,SDRN,0.0153338,88131.0,550067.87402,1.83%,-16.10%,148.30%
BriaCoin,BRIA,0.973133,2754.98,548004.081003,0.62%,-1.43%,-26.35%
WhaleCoin,WHL,0.145804,164565.0,544337.800812,5.72%,-10.78%,2.25%
Version,V,0.00115929,614.965,541802.513259,0.03%,18.13%,42.06%
bitBTC,BITBTC,10442.9,7642.9,521964.33783,-0.89%,7.61%,22.71%
SACoin,SAC,0.0743448,1329.47,521387.225308,0.00%,4.89%,-13.85%
ALQO,ALQO,0.071243,36939.2,517879.396674,-5.07%,-3.10%,
FuckToken,FUCK,0.010057,2870.64,516858.17396,-23.19%,-37.14%,-38.67%
LUXCoin,LUX,1.11546,69994.2,498602.088973,-2.57%,12.49%,-12.31%
Trollcoin,TROLL,0.000872619,1249.92,493243.665401,-5.22%,-5.80%,2.30%
BitTokens,BXT,0.864486,2692.21,482370.22071,0.06%,7.74%,
ELTCOIN,ELTCOIN,0.00526237,97476.3,473613.3,-16.01%,-11.44%,27.15%
FuturXe,FXE,1.97736,774.156,465512.266296,-0.30%,-8.53%,5.46%
Pakcoin,PAK,0.0102703,1223.87,454142.3957,5.87%,1.58%,0.62%
Bitstar,BITS,0.0195434,758.375,451056.526725,0.09%,-9.10%,-20.21%
ChessCoin,CHESS,0.00834496,1256.93,450901.293092,0.27%,11.56%,88.49%
NobleCoin,NOBL,0.000194176,2348.3,449313.043614,-0.07%,-18.51%,13.73%
Upfiring,UFR,0.0299723,5720.83,431601.120174,-0.49%,-33.36%,-41.95%
Deutsche eMark,DEM,0.014789,1037.7,411036.824084,1.36%,6.76%,8.69%
Piggycoin,PIGGY,0.000845022,925.022,410924.883792,0.53%,20.60%,13.81%
AltCommunity ...,ALTCOM,3.35446,3284.65,409563.960172,0.20%,0.13%,-6.14%
Tychocoin,TYCHO,0.0804513,9731.7,404216.937278,-0.17%,1.30%,-8.02%
Octanox,OTX,0.0474954,1525.09,403710.947495,0.00%,1.53%,9.63%
Authorship,ATS,0.0048744,2793.09,389952.0,-0.14%,0.00%,2.95%
Bitcoin Fast,BCF,0.0867162,4772.77,389221.435122,0.31%,-2.26%,-39.00%
Vsync,VSX,0.00387717,758.909,383701.314225,1.55%,11.40%,14.75%
Dalecoin,DALC,0.947946,2142.25,382792.918098,0.14%,21.96%,-8.02%
PoSToken,POS,0.443629,1204.86,382666.214002,0.13%,-0.78%,-5.38%
Sterlingcoin,SLG,0.0900865,1042.0,378842.467233,-0.01%,11.77%,16.41%
PostCoin,POST,0.0237801,1749.92,377348.160362,-0.48%,5.93%,5.69%
Opal,OPAL,0.0245394,1218.88,371611.808663,-0.01%,18.68%,22.99%
Cream,CRM,0.00815483,5628.18,365183.336163,0.31%,3.81%,-50.83%
Veltor,VLT,0.642641,1049.89,356572.572055,0.00%,-38.29%,-11.07%
Rasputin Onli...,ROC,0.316364,4742.53,342818.994453,-0.24%,-6.64%,-26.38%
Universe,UNI,0.0312112,522.786,338613.280498,-6.32%,-24.88%,6.81%
LeviarCoin,XLC,0.0346815,852.457,337656.258816,-0.01%,405.89%,228.25%
Eternity,ENT,0.0814206,3061.22,332972.674335,-0.01%,4.85%,6.96%
Fujinto,NTO,0.00504553,183922.0,332008.22563,-8.93%,-4.73%,-16.89%
Joulecoin,XJO,0.00962888,2095.02,330894.30303,0.00%,10.25%,27.88%
TrumpCoin,TRUMP,0.0500856,607.947,327864.791765,-2.08%,1.63%,5.44%
PlatinumBAR,XPTX,0.788125,2179.43,316332.269976,1.12%,-9.91%,43.02%
BlakeStar,BLAS,0.00125918,1283.43,310833.954501,0.00%,-4.11%,2.21%
BERNcash,BERN,0.00428916,3079.68,305535.31367,0.77%,8.62%,109.30%
Titcoin,TIT,0.00605586,789.423,302176.526472,0.33%,15.67%,22.37%
Bolenum,BLN,0.0299709,4958.12,299709.0,22.55%,32.26%,-9.61%
Bitcoin Scrypt,BTCS,0.0181547,1794.15,298212.279272,0.52%,40.36%,11.80%
Elcoin,EL,0.0265068,4741.08,297113.846476,0.91%,67.91%,52.92%
Bitgem,BTG,4.92022,4378.21,291636.961774,-0.99%,-4.24%,53.48%
Ethereum Dark,ETHD,0.190163,49080.1,285244.5,1.71%,-9.94%,-21.83%
Sugar Exchange,SGR,0.0804343,60254.3,281520.05,5.86%,34.91%,-16.96%
Sprouts,SPRTS,2.24112e-07,627.174,272092.610457,0.29%,-30.04%,-3.91%
Digitalcoin,DGC,0.00970464,3803.03,264983.38479,-0.83%,4.86%,47.36%
Mincoin,MNC,0.0660591,913.718,264229.984865,0.26%,-14.60%,-5.54%
EmberCoin,EMB,2.86331e-06,2598.35,263976.631231,-1.45%,-16.62%,27.07%
Zero,ZER,0.125152,7257.65,249262.73536,-29.79%,-56.88%,-56.96%
KiloCoin,KLC,0.00126042,1023.69,247417.88862,-0.01%,54.54%,-46.83%
VoteCoin,VOT,0.0147333,19238.0,242725.592512,2.81%,-0.55%,
Scorecoin,SCORE,0.00764682,2928.42,232054.918908,0.00%,50.34%,18.28%
BiblePay,BBP,0.000872812,1603.35,229042.920928,-0.01%,-2.72%,7.93%
Atomic Coin,ATOM,0.0169865,1263.3,222342.271899,0.07%,0.08%,-14.93%
ChanCoin,4CHN,0.0330564,998.828,221609.484985,-4.76%,-4.03%,-16.61%
USDe,USDE,0.000193859,1155.95,219881.876846,99.97%,105.05%,141.50%
Swing,SWING,0.0761586,2571.5,208380.639991,0.14%,11.85%,43.22%
Evotion,EVO,0.0650742,536.379,205696.595208,0.00%,39.75%,58.18%
MojoCoin,MOJO,0.0166201,706.526,201625.14762,0.00%,13.51%,77.01%
GlobalCoin,GLC,0.00290788,535.12,189509.476486,0.00%,4.55%,-1.87%
Oyster Pearl,PRL,0.00873358,6227.01,185876.486937,-4.79%,3.82%,
FUNCoin,FUNC,0.0313933,3023.66,183606.270757,-4.23%,2.28%,6.23%
Electra,ECA,8.4226e-06,816.942,183338.523901,2.56%,-43.66%,-49.39%
Ethereum Cash,ECASH,0.0128049,3657.96,180549.09,-7.59%,2.72%,19.97%
GlobalBoost-Y,BSTY,0.013513,1945.08,177929.42428,-0.03%,10.89%,18.39%
Bolivarcoin,BOLI,0.0213493,2301.17,177428.16124,0.41%,1.70%,9.96%
808Coin,808,0.000194015,10404.1,176674.875216,93.55%,11.33%,-46.10%
Coin2.1,C2,0.00172995,950.321,172954.039974,0.11%,19.48%,60.54%
Ratecoin,XRA,0.00150982,1583.49,172678.851301,-0.02%,-4.60%,-6.84%
Crypto,CTO,0.013764,1926.09,166430.519049,-2.76%,17.09%,-4.87%
BitCoal,COAL,0.036887,56949.1,165991.5,40.08%,281.52%,380.19%
Grantcoin,GRT,0.00379243,773.237,163269.300081,0.00%,5.66%,
Aricoin,ARI,0.00116065,1463.66,162795.67658,0.01%,40.15%,85.49%
eBitcoinCash,EBCH,0.0174195,13238.1,161748.76725,-0.78%,7.06%,106.80%
Cryptojacks,CJ,0.000387121,1366.83,157391.23561,0.00%,-2.70%,31.87%
Sativacoin,STV,0.0218193,1032.59,154614.542891,-0.01%,13.27%,45.45%
Ripto Bux,RBX,0.000390335,615.872,148809.802071,-0.61%,-0.19%,-10.12%
Eurocoin,EUC,0.0119036,1194.57,147797.828886,-16.79%,10.18%,-3.01%
SpaceCoin,SPACE,0.00684592,1786.6,142924.796923,-0.01%,8.59%,23.85%
GoldPieces,GP,0.116965,800.979,142716.125292,0.00%,14.98%,32.81%
eBTC [OLD],EBTC,0.00693251,3390.23,142562.213799,-3.45%,142.25%,90.95%
WomenCoin,WOMEN,0.00318414,5029.56,140803.945375,9.60%,12.75%,4.06%
Philosopher S...,PHS,0.0230692,915.571,138746.022957,0.00%,8.47%,3.76%
CoinonatX,XCXT,0.00879485,1530.41,137448.379827,-4.77%,12.75%,11.32%
PRCoin,PRC,0.0089175,54412.9,137254.593,-1.38%,14.23%,-4.96%
PayCon,CON,0.00581573,1925.52,134009.563361,0.01%,28.49%,-19.17%
EagleCoin,EAGLE,0.0636365,37957.7,133217.958289,-0.29%,46.08%,3.70%
Argentum,ARG,0.0154422,1771.36,131564.323451,0.03%,32.58%,78.24%
DROXNE,DRXNE,0.00203811,1821.37,127719.38551,10.69%,-0.27%,13.92%
Confido,CFD,0.0141293,4982.48,127163.7,-15.04%,-14.28%,-89.16%
CampusCoin,CMPCO,0.000484081,834.05,122648.478367,-2.82%,7.92%,-3.71%
CorgiCoin,CORG,9.76464e-05,1289.97,122239.174888,0.10%,-33.09%,10.74%
EOT Token,EOT,0.0144606,3160.94,119457.613923,-1.62%,-11.60%,-18.33%
Honey,HONEY,0.368519,2718.05,115709.069696,-0.01%,-2.19%,-28.77%
Marscoin,MARS,0.00402348,534.725,113780.288658,0.15%,24.84%,65.93%
Ammo Rewards,AMMO,0.00145394,649.915,113084.221091,-0.01%,-4.67%,20.76%
iEthereum,IETH,0.00603647,6252.12,108547.80354,-8.31%,-8.79%,47.39%
Theresa May Coin,MAY,0.00437829,8573.1,106319.767386,-9.59%,-9.63%,-8.57%
bitEUR,BITEUR,1.23366,1148.32,99516.88488,-0.20%,0.41%,9.25%
ExchangeN,EXN,0.0190578,3595.49,97194.78,98.20%,105.17%,73.43%
ParallelCoin,DUO,0.31823,4317.73,95988.4395654,0.35%,8.07%,6.25%
Litecoin Plus,LCP,0.13764,880.327,95093.8062788,0.01%,2.62%,44.52%
Prime-XI,PXI,0.00533823,982.596,94463.9034491,0.00%,4.48%,20.18%
NevaCoin,NEVA,0.0372091,909.734,90552.2518055,-0.02%,7.47%,32.25%
BoostCoin,BOST,0.0072697,1538.82,86185.8350666,-0.01%,-3.68%,31.16%
TajCoin,TAJ,0.0108526,3460.02,85873.9256998,-1.28%,13.96%,46.53%
Marijuanacoin,MAR,0.0553302,501.652,81717.1020461,0.58%,0.42%,33.91%
GanjaCoin,MRJA,0.0166718,1298.85,74221.5271529,-0.01%,-9.81%,-46.33%
Master Swiscoin,MSCN,0.00150806,1456.47,67228.786979,0.41%,7.55%,8.50%
Money,$$$,0.00145446,526.383,66741.1224259,6.20%,16.18%,28.42%
Creatio,XCRE,0.00323113,654.518,66304.4484008,-10.53%,-4.92%,22.94%
Kurrent,KURT,0.00620148,862.801,61515.488022,1.57%,8.90%,5.31%
Vault Coin,VLTC,0.00188847,1688.93,57220.6224389,42.70%,35.09%,112.04%
Neuro,NRO,0.00155087,546.776,55937.4013851,0.00%,8.02%,15.53%
Roofs,ROOFS,0.000387558,1746.21,50382.54,-0.02%,7.99%,-22.93%
BowsCoin,BSC,0.00872364,679.999,48417.0954444,0.00%,,22.11%
Coinonat,CXT,0.00559294,1095.63,48229.040208,0.01%,-30.73%,39.41%
Debitcoin,DBTC,0.00252016,778.238,45361.9454662,-0.01%,0.31%,-4.16%
ETHGAS,EGAS,0.00394238,1294.17,40044.8810723,-0.24%,-23.51%,-8.85%
AnarchistsPrime,ACP,0.00904169,2616.95,39737.0864979,-0.01%,-4.04%,38.39%
eREAL,EREAL,0.000584056,506.182,39078.9731955,-0.24%,9.52%,40.57%
CybCSec,XCS,0.00300481,701.693,35559.1688307,0.00%,-11.88%,-32.57%
Kronecoin,KRONE,0.00952691,621.813,33083.2600133,-0.04%,5.91%,29.14%
Interzone,ITZ,0.0195609,1202.89,31696.4041903,-0.01%,-26.27%,-59.58%
BRAT,BRAT,0.000194001,868.906,31040.16,-0.02%,8.08%,-19.37%
Tristar Coin,TSTR,0.00610655,3886.14,30702.8579876,-0.01%,-31.26%,-42.77%
CrevaCoin,CREVA,0.000775435,2247.04,28218.6612262,5.94%,-13.07%,14.76%
Doubloon,BOAT,0.00151089,653.23,28023.7536831,-0.75%,-17.21%,-37.05%
SocialCoin,SOCC,0.0193859,1180.12,26847.1187251,-0.01%,111.84%,42.91%
VapersCoin,VPRC,3.0144e-05,869.353,23516.0869148,-2.40%,-38.13%,76.78%
Magnum,MGM,0.00591269,1659.88,23267.359332,0.00%,9.82%,112.56%
LiteBitcoin,LBTC,0.00381881,9632.59,12175.4355468,9.07%,-5.03%,95.98%
Argus,ARGUS,0.00947452,687.079,10879.8191593,1.85%,-5.50%,32.01%
LiteCoin Ultra,LTCU,0.0125864,3602.81,10690.9151666,11.66%,38.33%,85.87%
LevoPlus,LVPS,0.00678505,1371.83,10267.5086586,-22.23%,-20.44%,40.22%
Grimcoin,GRIM,0.000918729,1493.33,9485.6950931,18.34%,5.24%,11.86%
HarmonyCoin,HMC,0.0118748,4179.63,6563.66485655,0.94%,11.27%,21.83%
GeyserCoin,GSR,0.0580607,568.394,2720.95083873,-0.01%,-3.68%,32.31%
Abncoin,ABN,0.0135701,1015.51,918.695892131,1.93%,8.76%,17.15%
Falcoin,FAL,0.000484647,891.75,95.3621688866,-0.01%,-9.98%,11.60%
SuperNET,UNITY,63.7259,21.4501,52004207.5646,1.68%,116.61%,86.92%
XPlay,XPA,0.0328855,0.0,32885500.0,,2.74%,29.72%
Target Coin,TGT,0.0169084,376.336,16104065.5859,-0.10%,-23.83%,-18.48%
Nebulas Token,NAS,2.63527,0.0,13176350.0,,,
E-coin,ECN,2.52036,51.7869,11466657.8176,1.17%,19.23%,-13.90%
Compcoin,CMP,1.46952,0.0,6368194.3104,,,-33.21%
Ecobit,ECOB,0.0119663,266.919,5318355.55502,-0.01%,-3.60%,-1.39%
Prospectors Gold,PGL,0.0776404,11.802,5007805.8,-0.01%,8.17%,26.24%
Stakecoin,STCN,0.98513,0.0,4925650.0,,-0.18%,12.07%
YashCoin,YASH,0.48455,14.535,4845627.54622,-0.01%,32.96%,2.49%
NuShares,NSR,0.00155087,46.5261,4307697.68446,-0.01%,-9.05%,-4.33%
Arcade Token,ARC,2.58582,None,4285515.64924,,,24.58%
Bankcoin,B@,0.614181,59.4516,4029026.13164,-0.82%,-4.19%,-8.05%
Rustbits,RUSTBITS,0.10722,497.207,3784958.88905,-3.34%,33.62%,35.23%
Ixcoin,IXC,0.139945,19.2641,2938717.37002,6.81%,20.35%,35.47%
AdShares,ADST,0.221577,272.636,2641087.49465,-0.89%,25.59%,35.86%
Adelphoi,ADL,0.110604,352.733,2596121.8633,0.34%,13.25%,52.45%
AsiaCoin,AC,0.00193711,179.185,2220521.07646,-0.56%,15.39%,24.98%
ATC Coin,ATCC,0.189953,0.0,1999437.67988,,,
MarteXcoin,MXT,0.657139,433.76,1842950.35684,-0.01%,-4.37%,-7.07%
Ethbits,ETBS,1.26008,296.187,1753531.87713,-0.01%,37.89%,28.44%
Colossuscoin V2,CV2,7.58952e-05,110.155,1733281.14639,0.77%,-16.07%,122.82%
Ethereum Movi...,EMV,0.23849,449.723,1566084.17434,-0.24%,15.90%,
InPay,INPAY,0.135173,0.0,1351730.0,,,-15.93%
RussiaCoin,RC,0.148302,56.1866,1242455.31317,0.00%,6.61%,-22.48%
IncaKoin,NKA,9.7918e-05,182.816,1088568.53559,0.06%,12.99%,-15.37%
Casino,CASINO,1.07507,3.22521,1075070.0,0.32%,9.54%,121.12%
CryptCoin,CRYPT,0.175951,0.0,1067050.72438,,4.30%,15.28%
REX,REX,0.121711,243.626,1054109.27352,-0.26%,4.38%,-0.01%
Monster Byte,MBI,0.0606982,21.9281,1021109.79428,-1.35%,3.57%,40.17%
Orbitcoin,ORB,0.323134,95.2264,996972.206241,0.06%,5.82%,24.95%
Bitpark Coin,BPC,0.0132698,140.841,995235.0,0.00%,8.53%,-13.17%
HitCoin,HTC,8.61393e-05,0.0,947215.143625,,,7.31%
Anoncoin,ANC,0.426489,213.244,900026.928158,0.00%,10.57%,13.54%
MaxCoin,MAX,0.0131824,330.323,804411.733048,0.00%,13.47%,41.29%
Elementrem,ELE,0.0310174,354.821,798834.105887,0.00%,11.50%,25.11%
MetalCoin,METAL,0.0102745,4.73034,790371.331868,0.00%,,1.58%
NetCoin,NET,0.000975469,153.527,767817.706191,0.49%,-0.55%,14.88%
Carboncoin,CARBON,4.90907e-05,182.483,755604.460488,-0.10%,-28.41%,-21.58%
Kobocoin,KOBO,0.0280125,356.346,691915.688261,-0.01%,27.60%,-13.75%
Machinecoin,MAC,0.0326638,274.179,659732.816665,0.29%,7.95%,-2.18%
iTicoin,ITI,20.3553,19.386,651369.6,-0.01%,2.44%,21.48%
Ultimate Secu...,USC,0.0582545,69.9297,602532.876573,0.00%,,87.58%
ShadowCash,SDC,0.0898892,0.0,601820.17256,,,-7.15%
Link Platform,LNK,11.9796,127.38,569069.975629,2.90%,-36.06%,-34.28%
CryptoForecast,CFT,0.0115325,15.6574,530495.0,0.04%,60.65%,89.24%
FuelCoin,FC2,0.00465261,42.9344,472811.846713,0.00%,44.02%,28.54%
Goodomy,GOOD,0.00107012,349.652,472296.39188,0.26%,6.12%,223.85%
AmberCoin,AMBER,0.0106427,0.0,465080.46438,,4.06%,6.92%
DigitalDevelo...,DDF,0.0903949,348.049,462668.849434,-0.02%,-3.38%,-9.69%
Valorbit,VAL,9.69293e-05,6.65788,459672.35579,0.00%,8.02%,20.76%
FinCoin,FNC,0.0347015,30.4028,446909.062901,-0.01%,7.22%,-6.66%
SwagBucks,BUCKS,1.35375,163.605,426538.19449,0.05%,8.74%,21.61%
Newbium,NEWB,0.00841702,464.55,420851.0,6.30%,20.28%,-5.78%
Phoenixcoin,PXC,0.00656401,254.681,408371.8564,-2.02%,14.92%,4.27%
NautilusCoin,NAUT,0.0236045,None,381920.81,,,-17.73%
BTCtalkcoin,TALK,0.00573228,110.692,374264.199669,0.37%,-26.11%,-51.68%
AurumCoin,AU,1.22376,15.5956,362496.871496,-0.01%,6.46%,16.82%
iDice,ICE,0.228099,231.642,358346.451623,-2.58%,318.02%,40.47%
Devcoin,DVC,2.29752e-05,None,348122.700234,,,
iCoin,ICN,0.0117284,48.9187,342273.195813,-0.01%,9.85%,-4.74%
DaxxCoin,DAXX,0.000682037,250.648,338630.927176,-0.50%,7.02%,2.21%
Jetcoin,JET,0.0678505,261.704,329923.684095,-0.01%,-6.46%,-27.47%
BritCoin,BRIT,0.0155087,17.0285,329840.46077,0.00%,-0.28%,-2.92%
Stress,STS,0.000581576,17.5538,328668.564226,-0.01%,,5.08%
Guncoin,GUN,0.00164775,154.277,323386.719649,0.00%,6.17%,-18.02%
WayGuide,WAY,0.00319867,9.596,319997.21284,0.00%,,4.87%
QubitCoin,Q2C,0.00126008,230.068,312729.12689,-0.01%,14.62%,33.20%
GAIA,GAIA,0.0123429,0.0,297480.941083,,4.21%,27.98%
Triangles,TRI,3.94899,209.073,287847.577163,-0.46%,9.23%,1.11%
Shadow Token,SHDW,0.0408072,13.7928,285650.4,0.00%,1.06%,3.59%
Cannacoin,CCN,0.0576721,342.289,271034.386668,7.60%,38.52%,56.84%
Truckcoin,TRK,0.00174624,89.0016,270877.009567,2.99%,7.77%,17.27%
SproutsExtreme,SPEX,9.31487e-05,0.0,267020.770031,,3.82%,16.04%
Shilling,SH,0.00678505,46.3968,266525.75419,0.00%,113.47%,168.53%
Prototanium,PR,1.32716,90.0105,259919.598139,-0.01%,-1.45%,18.91%
Joincoin,J,0.104674,131.461,256283.978611,0.33%,3.40%,0.28%
The Cypherfunks,FUNK,5.52356e-06,127.428,255299.882202,0.65%,8.08%,-5.17%
Rubies,RBIES,0.0243015,97.1888,253106.243856,0.14%,4.60%,4.83%
PureVidz,VIDZ,0.00201889,270.394,252926.083953,-0.01%,-5.97%,1.85%
FlutterCoin,FLT,0.000774832,44.6684,249662.124214,0.09%,7.96%,31.55%
Nyancoin,NYAN,0.000775884,498.45,246787.853215,0.01%,8.04%,7.42%
Kayicoin,KAYI,0.000866387,482.924,246245.195846,0.14%,14.72%,20.17%
LanaCoin,LANA,0.000290606,477.39,242933.345713,23.61%,8.11%,48.94%
DigiCube,CUBE,9.69293e-05,4.55568,235453.483681,-0.01%,,21.11%
8Bit,8BIT,0.201282,248.119,234375.736992,0.03%,6.45%,23.04%
Flycoin,FLY,1.10361,0.0,232647.117385,,0.47%,0.26%
UniCoin,UNIC,0.0775675,44.6648,230081.484231,-1.65%,3.13%,30.45%
HOdlcoin,HODL,0.00145394,227.442,222446.342697,0.00%,8.04%,-3.74%
LiteBar,LTB,0.265683,288.672,212528.22764,0.11%,1.18%,8.52%
KushCoin,KUSH,0.0389535,78.178,212128.231521,0.27%,15.28%,14.92%
LottoCoin,LOT,1.46221e-05,7.95247,211889.061968,0.70%,-17.13%,5.70%
PetroDollar,XPD,0.00326668,46.3879,209045.551209,0.00%,-1.15%,15.70%
PayCoin,XPY,0.0175383,401.875,207355.012196,0.00%,16.69%,15.73%
BigUp,BIGUP,9.69293e-05,193.859,205194.03755,0.00%,-45.59%,16.92%
RevolverCoin,XRE,0.00900963,61.8771,200887.903208,0.00%,8.11%,44.58%
Bitcurrency,BTCR,0.0011729,149.044,198922.216872,9.58%,-48.74%,-21.61%
Freicoin,FRC,0.00669573,0.0,197347.02924,,3.65%,27.03%
Emerald Crypto,EMD,0.0101748,251.379,194512.967948,0.15%,8.02%,49.22%
BunnyCoin,BUN,1.84335e-06,139.846,188549.689667,-9.87%,-42.68%,-2.92%
CageCoin,CAGE,1.84346e-06,21.1076,186499.766663,0.18%,-85.27%,-95.64%
OctoCoin,888,0.00355433,139.752,178763.251604,-0.06%,5.52%,63.13%
Tigercoin,TGC,0.00407103,15.1194,177239.618724,0.00%,-24.40%,-12.56%
Acoin,ACOIN,0.145013,190.384,176928.17982,-0.01%,9.09%,22.76%
WMCoin,WMC,0.0152179,2.03542,175424.178282,-0.01%,,20.75%
Wyvern,WYV,0.0999341,25.9471,173869.524378,0.13%,-17.95%,36.21%
LeaCoin,LEA,0.000555568,238.6,173743.386395,1.22%,5.82%,58.78%
Zurcoin,ZUR,0.00199297,446.83,172722.722077,0.10%,7.92%,31.03%
I0Coin,I0C,0.00805638,23.2635,169061.664892,0.74%,50.95%,-21.43%
Gapcoin,GAP,0.0140548,329.248,168660.779248,-0.01%,-12.85%,33.22%
Darsek,KED,0.0120494,0.0232367,163112.943474,2.55%,-13.42%,-6.04%
SatoshiMadness,MAD,8.05076e-05,0.0,161070.225741,,,0.29%
Virtacoinplus,XVP,0.0172593,304.776,157659.398059,-0.43%,11.99%,170.44%
Unrealcoin,URC,0.0223907,21.8938,157281.277861,-0.01%,8.96%,41.59%
bitSilver,BITSILVER,17.5287,441.984,154605.938592,-0.14%,-1.02%,5.42%
Pascal Lite,PASL,0.037027,376.156,153323.25295,1.87%,3.16%,19.55%
Yacoin,YAC,0.00126008,41.1126,150886.805306,0.00%,8.04%,-1.89%
Evil Coin,EVIL,0.00715358,254.06,150370.989889,-0.03%,-5.53%,24.06%
Global Tour Coin,GTC,0.0049434,31.7323,147745.383926,6.24%,14.79%,17.33%
Halcyon,HAL,0.0280126,10.5241,147582.773812,0.00%,18.27%,65.12%
BumbaCoin,BUMBA,0.00653684,161.814,146651.479992,1.46%,8.73%,2.38%
Sling,SLING,0.13541,166.921,145443.206252,-0.01%,,
AntiBitcoin,ANTI,0.00823899,11.5442,143895.268616,-0.01%,,26.69%
RedCoin,RED,0.00193391,289.809,143318.001153,11.11%,13.80%,143.84%
TittieCoin,TTC,0.000112404,49.2393,141608.406447,0.87%,23.32%,-11.58%
bitGold,BITGOLD,1563.04,233.107,140625.770976,0.15%,18.86%,22.71%
Francs,FRN,0.0348627,336.323,134816.849841,0.27%,2.78%,13.49%
Mineum,MNM,0.0142147,241.415,134135.123845,0.19%,11.17%,7.77%
Firecoin,FIRE,1.35701,99.3801,133545.981164,0.00%,7.55%,31.36%
BillaryCoin,BLRY,0.0146363,35.1299,131606.61644,-0.01%,29.45%,127.92%
Rupaya,RUPX,0.0210235,204.258,128108.304553,21.34%,-8.29%,8.12%
HempCoin,HMP,9.28777e-05,0.0,126002.110968,,3.51%,15.70%
TEKcoin,TEK,8.83167e-05,405.491,124884.632493,0.52%,-1.65%,-26.17%
CacheCoin,CACH,0.0291757,452.073,122395.916406,0.00%,0.69%,22.51%
GameUnits,UNITS,0.0352274,41.2383,122344.144147,-0.01%,-1.83%,17.59%
OHM,OHM,0.00407103,145.394,120416.23008,-0.01%,0.82%,
QuazarCoin,QCN,0.0193859,308.357,117186.034497,0.00%,8.04%,-12.42%
Flaxscript,FLAX,0.0208484,16.8749,116392.177142,0.87%,6.52%,56.09%
Cannation,CNNC,0.0461901,170.947,114407.922391,-0.03%,6.78%,-20.29%
SecureCoin,SRC,0.0139147,372.531,114040.650435,25.62%,12.43%,65.65%
Cypher,CYP,0.0176914,0.0,112610.797301,,,36.89%
BitQuark,BTQ,0.0125039,68.3392,112214.168651,0.00%,4.00%,-38.89%
020LondonCoin,020,7.14305e-07,0.0,112074.597538,,,-0.36%
Dollarcoin,DLC,0.0121162,39.6524,110338.769105,-0.01%,3.88%,26.08%
PX,PX,0.00114801,0.0,109352.137481,,,2.15%
Quatloo,QTL,0.0140546,43.9516,108485.810847,0.30%,5.57%,15.11%
AquariusCoin,ARCO,0.0720714,88.7128,106482.182176,0.75%,-0.66%,26.80%
C-Bit,XCT,0.000675638,457.575,106226.002183,-0.06%,0.86%,-6.10%
IslaCoin,ISL,0.069586,0.0,105332.620594,,4.37%,10.47%
Printerium,PRX,0.0088891,234.851,105084.521323,0.71%,12.85%,480.05%
Bottlecaps,CAP,0.000514308,0.0,105012.57212,,,
Bitcoin 21,XBTC21,0.132309,397.062,104935.26036,-0.01%,52.64%,135.13%
Franko,FRK,0.10568,0.0,98363.45656,,,3.18%
Catcoin,CAT,0.0155087,218.093,95846.0919326,16.77%,16.36%,20.87%
Independent M...,IMS,0.0175954,116.68,94468.5342181,1.42%,26.20%,14.87%
GPU Coin,GPU,0.00232666,155.25,94176.31364,0.02%,2.87%,27.27%
X-Coin,XCO,0.00752566,93.5086,93205.1184842,0.77%,0.39%,-2.02%
VirtualCoin,VC,0.00922666,0.0,92859.7510576,,3.88%,16.65%
Artex Coin,ATX,0.00493879,224.259,92759.1185118,-0.01%,28.02%,55.22%
Slimcoin,SLM,0.00610655,19.3859,91216.2167612,0.00%,8.04%,15.19%
Blakecoin,BLC,0.00598074,142.929,90444.9196946,0.91%,25.37%,31.43%
Kittehcoin,MEOW,3.67237e-06,236.005,87790.465248,-0.04%,-14.50%,51.29%
Allion,ALL,0.0140146,11.5726,86881.5414036,-0.43%,12.33%,55.36%
CompuCoin,CPN,0.00426489,226.361,83655.8997008,0.00%,10.54%,34.01%
VectorAI,VEC2,0.00493966,133.108,81910.810395,-5.62%,33.61%,73.64%
SoonCoin,SOON,0.00639871,7.83972,79744.6912202,0.00%,4.82%,20.44%
Tattoocoin (S...,TSE,0.000872457,6.92573,78889.1814298,0.01%,9.71%,17.22%
SixEleven,611,0.182179,19.9495,78384.9841265,-1.57%,0.48%,25.37%
Jewels,JWL,0.00387717,8.45989,78247.6331348,-0.01%,,27.11%
Virta Unique ...,VUC,0.00124401,353.873,76392.8502855,-0.31%,-3.52%,-14.79%
HealthyWormCoin,WORM,0.000678505,127.88,75512.1505461,0.00%,27.76%,
Hexx,HXX,0.0506529,314.987,74938.9440434,0.52%,-24.20%,52.04%
ReeCoin,REE,2.89677e-05,238.588,74157.312,-1.92%,-21.90%,-30.66%
BitAsean,BAS,0.0146014,59.4714,73007.0,-0.30%,14.05%,-14.67%
Bitz,BITZ,0.0364454,6.7645,72558.8119706,-0.01%,14.41%,42.33%
Bitcoin Planet,BTPL,0.0130401,155.384,71680.5061227,-22.60%,-6.05%,-10.72%
BipCoin,BIP,0.0430366,152.546,70031.7888205,0.00%,16.28%,63.15%
PopularCoin,POP,2.06803e-05,7.57753,69752.0719183,2.02%,3.89%,40.34%
Spots,SPT,0.00311071,64.8278,69698.6343332,-0.11%,4.65%,32.66%
Dreamcoin,DRM,0.0284003,11.4094,69570.2863389,-0.01%,9.14%,35.39%
Gold Pressed ...,GPL,0.271535,113.403,69325.292736,0.29%,4.38%,40.37%
Asiadigicoin,ADCN,0.00271402,193.963,67663.3791771,0.00%,2.22%,9.44%
MustangCoin,MST,0.106525,98.9366,67147.314032,0.00%,-15.67%,17.63%
SecretCoin,SCRT,0.0155124,0.0,65596.84811,,4.16%,20.61%
300 Token,300,215.648,236.548,64694.4,0.00%,9.74%,63.55%
Chronos,CRX,0.000863329,141.003,63653.2142871,8.14%,-16.85%,6.07%
E4ROW,E4ROW,0.0147352,14.6014,63037.1856,,-83.77%,-89.16%
ICOBID,ICOB,0.00058157,22.6866,62054.6089193,0.07%,2.73%,37.30%
CryptoWorldX ...,CWXT,0.00100184,301.367,59739.919568,-1.65%,12.93%,20.75%
Uro,URO,0.0491432,10.1418,59331.0964493,0.00%,8.02%,30.52%
GuccioneCoin,GCC,0.00290788,33.4794,58987.9073316,-0.01%,1.29%,4.70%
Beatcoin,XBTS,0.0383691,60.7903,58500.8332801,0.00%,174.41%,79.64%
DIBCOIN,DIBC,0.0116986,366.071,58493.0,-4.67%,2.33%,-2.89%
Californium,CF,0.0242323,30.9877,58224.7191969,0.00%,8.89%,-16.60%
ZetaMicron,ZMC,9.69293e-05,287.53,58190.9519292,0.00%,8.04%,20.76%
BeaverCoin,BVC,0.0185274,0.0,57717.6310692,,11.14%,9.39%
Braincoin,BRAIN,0.0056219,29.8254,56749.8439003,0.00%,9.89%,49.51%
RonPaulCoin,RPC,0.0636927,220.643,56718.089592,0.00%,6.31%,6.59%
Photon,PHO,2.76518e-06,5.47271,56325.9505894,0.18%,7.94%,11.39%
Zayedcoin,ZYD,0.00901443,6.20929,56284.6586162,-0.01%,9.21%,23.61%
Rimbit,RBT,0.000484869,282.52,56002.1869089,0.02%,-1.58%,31.95%
WARP,WARP,0.050791,325.897,55627.522184,-0.01%,8.02%,20.75%
AllSafe,ASAFE2,0.00688829,27.6494,55312.9687634,-0.01%,10.01%,8.71%
Torcoin,TOR,0.168888,234.245,53398.754509,0.46%,-14.67%,-82.70%
SOILcoin,SOIL,0.00925445,130.47,52769.3181136,0.12%,1.90%,35.00%
GlobalToken,GLT,0.0020123,1.51517,52167.67012,0.76%,-13.59%,-30.47%
MACRON,MCRN,0.000128533,200.324,51595.8968943,-9.13%,-55.66%,-45.55%
Blackstar,BSTAR,8.17407e-05,0.0,51561.704229,,,1.84%
SongCoin,SONG,0.00154499,402.421,50313.062847,0.80%,7.62%,79.48%
PIECoin,PIE,0.00271402,14.4548,48485.1574459,-0.01%,0.84%,-49.21%
Digital Rupees,DRS,9.30512e-05,0.0,47530.8284791,,3.70%,-9.68%
DAS,DAS,0.0178931,296.644,46931.5589447,-0.02%,181.76%,175.95%
Metal Music Coin,MTLMC3,0.000586808,38.7672,46779.829377,0.00%,-34.52%,-12.36%
CoExistCoin,COXST,0.00171795,0.0,46556.445,,2.52%,-18.82%
BiosCrypto,BIOS,0.00222937,202.001,46419.2934275,-0.01%,-29.01%,38.86%
ARbit,ARB,0.00579749,0.0,45023.3363275,,,-1.06%
MindCoin,MND,0.00358638,53.9259,44996.9649675,0.00%,5.19%,28.77%
Cashcoin,CASH,0.000969293,381.175,44740.8605556,-0.01%,-1.80%,-15.44%
EMoneyPower,EMP,0.00470859,0.0,43319.028,,,
Solarflarecoin,SFC,0.00305229,133.282,42986.7736005,-0.35%,0.97%,-15.26%
Pulse,PULSE,0.00300481,35.0883,42965.692613,0.00%,15.47%,28.39%
CryptoEscudo,CESC,0.000290788,129.585,41904.0338188,0.00%,8.04%,71.66%
Steps,STEPS,0.00222937,75.6436,41522.0541666,0.00%,8.82%,20.75%
JobsCoin,JOBS,0.000387717,2.09464,41105.4731903,-0.01%,-26.98%,-17.50%
Cthulhu Offer...,OFF,0.0152179,42.0523,39905.4930329,0.00%,3.56%,5.32%
PLNcoin,PLNC,0.0023263,57.6632,39755.53648,-0.01%,23.47%,15.92%
BenjiRolls,BENJI,0.00194765,87.6714,39444.9685544,0.79%,12.94%,27.63%
PonziCoin,PONZI,0.0457028,0.0,39354.6354595,,,-32.14%
Ride My Car,RIDE,0.000387717,239.125,39266.8051691,7.70%,116.08%,103.15%
Comet,CMT,0.0449838,229.556,39263.210154,0.04%,11.13%,6.82%
Destiny,DES,0.0245231,214.429,39236.9606057,72.11%,49.85%,103.67%
Orlycoin,ORLY,0.00106622,328.55,39073.528628,0.00%,-0.97%,20.75%
FlavorCoin,FLVR,0.00184166,433.165,38487.2062072,0.00%,,-9.40%
ImpulseCoin,IMPS,0.00184166,8.72354,37285.3459956,0.00%,-2.25%,20.76%
CRTCoin,CRT,0.465261,368.009,36881.3805474,0.00%,8.04%,20.75%
Cabbage,CAB,0.00339253,3.6176,35621.5511246,0.00%,,20.76%
KibiCoin,KIC,0.00240663,3.77909,35379.86763,0.17%,-30.06%,83.59%
BlazeCoin,BLZ,5.63116e-05,9.74874,34268.8405198,0.67%,6.75%,45.72%
Slevin,SLEVIN,0.000484647,48.4648,33925.2900119,-0.01%,8.04%,23.50%
EGO,EGO,0.000563413,0.0,33804.7803164,,4.65%,16.98%
G3N,G3N,0.00436182,4.05358,32983.6074016,0.00%,8.82%,20.22%
GameBet Coin,GBT,0.00155087,46.5261,32975.8079822,0.00%,8.01%,20.75%
VIP Tokens,VIP,0.000387717,55.4081,32355.1397567,-0.01%,,20.75%
Impact,IMX,0.000290788,18.1597,31843.9153016,-0.01%,62.12%,162.29%
KingN Coin,KNC,15.5083,107.823,31135.9132942,0.00%,8.02%,20.75%
Useless Ether...,UET,0.00778741,110.55,30882.6571984,-0.24%,70.31%,30.49%
DPAY,DPAY,0.000387717,6.46199,30839.3982621,0.00%,,20.75%
PlayerCoin,PLACO,0.000872364,93.5698,30637.4236839,-0.01%,12.10%,-3.74%
Jin Coin,JIN,0.00300481,72.7594,29592.8275434,0.00%,,-78.91%
Litecred,LTCR,0.000962427,29.5554,29092.0027739,4.21%,6.55%,5.15%
DAPPSTER,DLISK,0.000290788,7.2697,29078.8,-0.01%,,-27.55%
Iconic,ICON,0.0488524,84.4327,28964.271885,0.00%,-11.19%,23.04%
Virtacoin,VTA,5.43243e-06,0.0,28255.7530983,,-6.04%,142.23%
TAGRcoin,TAGR,0.000728143,0.0,28157.0231621,,,0.86%
FuzzBalls,FUZZ,0.00571883,1.71565,27621.6343644,-0.01%,8.37%,15.11%
Eryllium,ERY,0.0052514,151.836,27477.9007779,13.79%,30.46%,15.28%
Luna Coin,LUNA,0.0169651,41.0109,27308.5596094,-0.01%,17.16%,28.01%
Pesobit,PSB,0.000811083,None,27271.0658021,,,
MTMGaming,MTM,0.00889714,0.889714,26691.1263944,0.22%,228.51%,22.40%
Wild Beast Block,WBB,0.157413,19.8497,26033.237066,9.05%,53.77%,43.21%
OsmiumCoin,OS76,0.0290788,25.953,25997.2032488,0.00%,-0.59%,8.23%
PosEx,PEX,0.0105653,4.84637,25919.2180373,0.00%,,20.70%
MiloCoin,MILO,0.00236741,119.865,25544.2443222,0.00%,8.51%,24.12%
LetItRide,LIR,0.000678505,6.90234,24607.7406409,-0.01%,,5.66%
Dollar Online,DOLLAR,0.0312112,100.721,23526.2549414,-0.01%,7.98%,23.81%
BBQCoin,BQC,0.000458156,None,23258.6804036,,,14.03%
CHNCoin,CNC,0.000484647,29.0788,23128.3158368,0.00%,8.04%,46.66%
BnrtxCoin,BNX,0.00086371,78.4535,22880.11062,0.12%,18.37%,57.73%
Zonecoin,ZNE,0.00876923,0.0,22641.8921475,,2.87%,14.99%
High Voltage,HVCO,0.0149271,7.40937,22303.6357607,0.00%,,17.76%
Veros,VRS,4.55841e-05,229.17,22181.6351403,18.15%,-26.85%,48.49%
BioBar,BIOB,0.0245231,2.45231,21721.4896829,0.00%,,25.81%
iBank,IBANK,0.00474954,13.3551,21497.956891,-0.01%,,-1.39%
Antilitecoin,ALTC,0.000678505,32.0138,21381.4656585,0.00%,26.04%,40.88%
GBCGoldCoin,GBC,0.0018252,75.6497,20737.5878605,-1.76%,60.19%,-23.95%
JavaScript Token,JS,0.00252604,342.159,20188.1015758,-0.24%,267.07%,145.18%
NeuroDAO,NDAO,0.116209,0.0,20165.980188,,,
Xonecoin,XOC,0.0445875,2.00925,18726.75,0.00%,,18.07%
SydPak,SDP,0.114183,120.174,18235.4123265,-0.01%,6.32%,20.75%
Speedcash,SCS,0.0665904,3.03088,17435.4097783,0.00%,,20.59%
Elysium,ELS,0.0039741,139.806,15916.3184966,-0.01%,3.01%,48.59%
RSGPcoin,RSGP,8.0461,53.5862,13896.0688929,0.00%,-0.40%,-18.84%
Coimatic 2.0,CTIC2,0.00102895,179.605,13116.540125,0.41%,21.86%,-57.36%
Tradecoin,TRADE,0.00174473,19.3859,13101.5631553,-0.01%,62.06%,-30.87%
GeertCoin,GEERT,0.00250718,6.89448,12764.5538507,0.04%,28.20%,25.83%
AgrolifeCoin,AGLC,0.00170089,None,12425.2550728,,-0.31%,
Rawcoin,XRC,0.0162836,499.348,11478.0165352,0.23%,7.33%,-65.18%
Wexcoin,WEX,0.0421026,None,11465.0461458,,,
Qibuck Asset,QBK,0.00678919,None,11347.309593,,,
Selfiecoin,SLFI,9.69293e-05,239.164,10451.8167007,0.00%,8.02%,20.80%
Dix Asset,DIX,9.6851e-08,20.3639,9685.1,1.49%,-7.44%,102.06%
NodeCoin,NODC,0.0056219,27.5421,9436.01642278,0.00%,13.91%,19.95%
P7Coin,P7C,0.000266907,0.0,9400.52806387,,,-16.87%
Save and Gain,SANDG,0.00289886,0.0,8884.42624106,,,9.43%
CCMiner,CCM100,0.002595,0.3114,8720.282115,0.22%,9.50%,150.52%
Corethum,CRTM,0.00340699,119.731,8517.475,-0.75%,99.65%,-73.09%
Concoin,CONX,0.00988679,333.359,7358.39879238,0.00%,-3.35%,-5.60%
Bitvolt,VOLT,0.000484647,15.1131,7324.25397481,-0.01%,-15.10%,-24.53%
Frazcoin,FRAZ,0.000677546,29.2077,6124.04868133,-0.01%,7.88%,20.62%
Revenu,REV,0.00500348,0.0,5981.78539026,,,-68.32%
Ulatech,ULA,0.0259841,200.39,4774.87321658,18.40%,141.61%,306.18%
WalletBuilder...,WBC,0.24444,0.0,4591.76214359,,,1.50%
Project-X,NANOX,58158.6,36.9948,4551.7246704,-0.01%,-7.42%,-23.04%
BigBoobsCoin,BBC,0.0204539,None,4170.75195755,,,-10.06%
Enigma,XNG,0.24494,190.572,4072.52938428,0.00%,24.10%,5.27%
Powercoin,PWR,7.14846e-05,0.0,3573.0769534,,,
Sojourn,SOJ,0.00674511,0.0,3272.82180354,,367.02%,99.85%
Lex4All,LEX,0.00324523,0.0519237,3245.23,0.22%,9.50%,143.53%
MorningStar,MRNG,9.85214e-05,247.052,3211.74991423,0.10%,-70.89%,-49.74%
BurstOcean,OCEAN,0.0136288,None,2886.9478176,,-0.45%,-38.52%
PizzaCoin,PIZZA,0.00193859,6.89051,2671.21647443,0.00%,-6.05%,-7.82%
SwapToken,TOKEN,1.00295e-07,1.96633,1536.57810918,2.60%,-6.86%,-19.06%
Ebittree Coin,EBT,0.00108442,200.014,1371.26070078,-0.01%,-44.53%,26.40%
Digital Credits,DGCS,0.000193859,59.1677,1129.4977532,-0.01%,,-19.50%
MantraCoin,MNC,0.000177273,0.0,824.386824908,,-1.21%,-26.22%
Digital Money...,DMB,0.000969293,367.292,408.3631409,-0.01%,-1.80%,-32.93%
Environ,ENV,2.12825e-06,0.0,282.456057861,,,
Future Digita...,FDC,8.01955e-05,0.572909,220.794342737,2.63%,,18.88%
CaliphCoin,CALC,0.000581576,5.81576,50.6785467316,0.27%,-6.91%,-48.25%
AppleCoin,APW,9.69293e-05,120.328,7.14303740288,0.00%,8.02%,20.75%
Bitcoin Diamo...,BCD,67.545,20339600.0,?,2.74%,-17.33%,
Ink,INK,0.155685,7453480.0,?,-0.48%,-6.16%,
QASH,QASH,0.850307,7387790.0,?,-10.18%,21.88%,
ATMCoin,ATMC,2.24791,5790990.0,?,0.00%,21.79%,44.60%
Ormeus Coin,ORME,3.28626,4301480.0,?,3.12%,-0.07%,-32.88%
Regalcoin,REC,44.0404,3528610.0,?,5.82%,0.88%,1.19%
POLY AI,AI,18.379,3352640.0,?,2.12%,-7.38%,
ClubCoin,CLUB,5.98113,2796130.0,?,-2.89%,5.88%,120.65%
Nuls,NULS,0.671756,2456160.0,?,-0.03%,7.74%,-21.82%
Fargocoin,FRGC,10.1167,2096650.0,?,-0.10%,5.25%,3.38%
GOLD Reward T...,GRX,6.13808,1938450.0,?,-10.85%,15.13%,49.05%
BitSerial,BTE,3.97088,1204860.0,?,0.85%,-13.94%,-32.89%
FirstCoin,FRST,17.3327,1060360.0,?,3.92%,13.01%,2.08%
Electroneum,ETN,0.0324903,891446.0,?,1.08%,24.40%,4.73%
WINCOIN,WC,1.52179,805884.0,?,-3.30%,-4.71%,
Tezos (Pre-La...,XTZ,2.1223,648855.0,?,-3.32%,1.04%,23.75%
SegWit2x [Fut...,B2X,262.663,637118.0,?,-2.25%,-1.81%,40.11%
Aidos Kuneen,ADK,35.8636,418897.0,?,3.73%,2.39%,-11.67%
ERC20,ERC20,0.000149909,406325.0,?,4.39%,14.19%,-4.67%
BT2 [CST],BT2,140.383,375909.0,?,3.40%,16.50%,13.36%
TechShares,THS,1.02643,361933.0,?,-0.31%,4.68%,2.62%
Infinity Econ...,XIN,0.0442967,359022.0,?,-0.16%,-5.79%,-6.64%
Bodhi,BOT,0.489937,324630.0,?,-1.02%,-2.83%,
Swisscoin,SIC,0.000193859,275549.0,?,0.00%,-7.39%,-97.34%
Suretly,SUR,4.03972,213803.0,?,-0.30%,0.41%,31.54%
Aion,AION,1.20174,191095.0,?,-0.61%,6.71%,39.24%
Energo,TSL,0.032173,182798.0,?,-1.21%,0.83%,
B3Coin,B3,0.000461356,180639.0,?,-18.86%,-18.09%,61.70%
EA Coin,EAG,4.023,170234.0,?,0.88%,4.36%,-24.34%
Sphre AIR,XID,0.207837,156096.0,?,-0.03%,5.10%,11.31%
Flixxo,FLIXX,0.135422,148183.0,?,1.91%,37.50%,
LLToken,LLT,0.310295,146310.0,?,-2.39%,-4.14%,-8.41%
Copico,XCPO,0.0290245,129292.0,?,11.73%,-3.31%,
Mercury Protocol,GMT,0.0417873,124321.0,?,-0.45%,-11.36%,-14.01%
SISA,SISA,0.0345471,101970.0,?,13.06%,59.74%,-60.93%
UG Token,UGT,0.474113,98931.6,?,2.79%,8.09%,37.81%
Golos Gold,GBG,0.116269,97329.2,?,-1.37%,10.88%,19.14%
TerraNova,TER,2.38466,87541.7,?,-0.01%,-4.71%,-35.55%
ZoZoCoin,ZZC,1.40557,82590.7,?,2.50%,4.58%,
InfChain,INF,0.00911136,77231.6,?,-0.01%,8.47%,
Russian Minin...,RMC,13257.1,77008.1,?,0.27%,6.34%,29.04%
BitSoar,BSR,0.218576,63789.4,?,-0.01%,-23.40%,44.04%
Astro,ASTRO,1.72071,59407.2,?,-2.76%,-5.70%,42.91%
Phore,PHR,0.397273,59328.8,?,0.00%,-17.95%,
MSD,MSD,0.0126157,58038.2,?,-2.87%,-4.78%,-9.53%
ICON,ICX,1.21693,48508.1,?,-0.08%,18.96%,26.26%
Everus,EVR,5.31933,47056.5,?,0.60%,3.90%,32.54%
BT1 [CST],BT1,9618.79,45501.5,?,0.68%,9.31%,22.23%
Mutual Coin,MUT,0.00855886,40210.7,?,13.21%,20.80%,
Desire,DSR,0.0943662,32187.3,?,-2.31%,-23.61%,-58.36%
CORION,COR,0.77638,30013.6,?,-18.33%,-16.28%,-18.12%
Interstellar ...,HOLD,0.0911684,28137.8,?,-0.57%,-5.69%,-35.46%
STEX,STEX,0.309913,24955.3,?,1.49%,40.51%,98.66%
Hyper TV,HYTV,0.0130824,24618.9,?,21.41%,,
B2B,B2B,0.507803,24348.3,?,3.92%,-12.98%,
Akuya Coin,AKY,0.28187,24042.3,?,-0.16%,-8.76%,-60.78%
PrismChain,PRM,0.00145394,23775.3,?,-12.51%,35.05%,58.69%
BTCMoon,BTCM,0.00817079,22040.9,?,-6.88%,-21.32%,349.59%
Sharechain,SSS,0.00329651,21460.6,?,-1.94%,6.43%,12.15%
EncrypGen,DNA,0.0583409,21329.7,?,-23.72%,-14.93%,
VPNCoin,VASH,0.0049434,21247.9,?,-1.92%,-1.82%,18.39%
PlexCoin,PLX,0.121065,20258.6,?,-16.46%,-21.19%,
SpankChain,SPANK,0.037912,19834.1,?,-13.18%,-7.07%,
Macro,MCR,2.77412,19574.9,?,-16.81%,33.76%,-17.15%
DeusCoin,DEUS,0.388687,15682.6,?,0.32%,-1.71%,-0.71%
Bitcoin Unlim...,BTU,124.753,14943.8,?,-2.31%,2.45%,-21.37%
GlassCoin,GLS,1.06428,14505.5,?,22.41%,,
Blockpool,BPL,0.175442,14024.0,?,-0.01%,17.17%,3.75%
SIGMAcoin,SIGMA,0.0486713,13115.2,?,-0.31%,6.44%,-11.61%
Oxycoin,OXY,0.173609,11546.1,?,0.05%,5.26%,0.18%
Aerium,AERM,1.74689,11059.6,?,-10.97%,-10.97%,-17.82%
Maker,MKR,413.706,10356.8,?,-27.25%,5.10%,
Wi Coin,WIC,0.00266609,9462.38,?,-2.64%,-17.96%,-12.78%
GulfCoin,MGC,0.00378024,8520.09,?,8.32%,12.97%,8.20%
Bitcoin Silver,BTCS,0.00438042,7656.49,?,-0.30%,10.52%,94.19%
LiteCoin Gold,LTG,0.00266647,7352.55,?,5.05%,10.55%,4.11%
FORCE,FOR,0.00202704,6413.94,?,-24.29%,-30.42%,-15.39%
NEO GOLD,NEOG,0.00312056,6151.0,?,1.63%,8.78%,31.11%
Sand Coin,SND,0.711088,6096.57,?,-0.24%,-6.08%,-6.10%
SmartBillions,SMART,0.413802,5914.54,?,-0.27%,-9.50%,
T-coin,TCOIN,0.000248862,5786.37,?,-8.81%,-0.88%,25.68%
Pabyosi Coin ...,PCS,0.0995464,5712.48,?,-0.01%,30.81%,41.23%
DigiPulse,DGPT,0.973184,5477.72,?,-1.53%,-23.89%,
DimonCoin,FUDD,0.00245157,5186.42,?,0.37%,-61.30%,
ZenGold,ZENGOLD,0.11457,4206.47,?,-0.71%,-2.75%,47.45%
EncryptoTel [...,ETT,0.0924381,3965.42,?,-0.73%,26.38%,37.94%
PlusCoin,PLC,0.000535385,3836.27,?,-0.78%,7.82%,-17.48%
Viuly,VIU,0.00367962,3577.82,?,0.13%,-5.98%,-13.65%
iBTC,IBTC,0.013628,3494.11,?,-0.31%,41.76%,78.59%
MergeCoin,MGC,0.0142486,3408.95,?,7.30%,-2.58%,
Network Token,NTWK,0.00766573,3022.49,?,-0.24%,373.53%,502.39%
High Gain,HIGH,0.000775435,2983.54,?,-0.01%,-4.86%,-22.72%
Zilbercoin,ZBC,0.0410588,2867.06,?,-2.23%,-6.24%,-6.69%
XTD Coin,XTD,9.69293e-05,2777.32,?,-0.01%,5.21%,20.75%
Ethereum Lite,ELITE,0.0806607,2756.82,?,-16.23%,56.35%,-13.96%
BOScoin,BOS,1.2407,2702.21,?,-1.55%,-5.65%,-3.65%
bitJob,STU,0.0479841,2591.41,?,-0.77%,4.25%,-27.28%
Bitbase,BTBc,0.00571883,2553.25,?,-0.01%,-0.52%,-40.36%
Bitcoin2x,BTC2X,0.0142957,2504.63,?,-3.07%,-7.10%,
BIXC,BIXC,3.88473,2423.23,?,-0.01%,7.92%,20.97%
Wild Crypto,WILD,0.119125,2333.66,?,-0.23%,11.98%,62.83%
iQuant,IQT,0.122481,2162.11,?,-5.02%,2.87%,-30.93%
Vulcano,VULC,0.0105842,2104.42,?,-4.81%,6.94%,21.54%
AlpaCoin,APC,0.0227789,1998.95,?,-11.84%,4.04%,-29.23%
Triaconta,TRIA,6.46683,1967.78,?,-1.87%,11.36%,
Phantomx,PNX,0.0178544,1927.72,?,-0.03%,4.42%,
Ergo,EFYT,10.5898,1838.01,?,-1.36%,12.60%,6.61%
eGold,EGOLD,0.0138713,1805.71,?,-0.22%,4.60%,34.85%
Antimatter,ANTX,9.83335e-05,1758.83,?,0.10%,-11.85%,678.98%
DFSCoin,DFS,0.00921842,1705.97,?,0.63%,-6.60%,21.72%
PeopleCoin,MEN,9.69293e-05,1693.36,?,0.00%,8.04%,21.04%
Internet of T...,XOT,2893.73,1676.85,?,-0.01%,8.02%,
TeslaCoilCoin,TESLA,5.9123,1625.91,?,0.00%,8.00%,115.77%
Blockchain Index,BLX,2.66232,1592.53,?,-0.24%,12.28%,32.68%
Chronologic,DAY,4.8107,1457.65,?,-0.22%,11.06%,35.41%
Natcoin,NTC,0.164831,1430.81,?,-0.03%,-46.38%,-68.42%
Cash Poker Pro,CASH,0.0749538,1397.84,?,-0.24%,3.03%,7.67%
StrongHands,SHND,2.7088e-08,1254.32,?,16.78%,-7.05%,23.34%
SportsCoin,SPORT,0.000872364,1251.06,?,-0.01%,8.71%,10.23%
WA Space,WA,0.0220999,1251.01,?,0.00%,-12.03%,20.89%
President Trump,PRES,0.00416671,1217.34,?,0.00%,-4.75%,11.45%
OX Fina,OX,0.000192494,1175.87,?,-0.05%,9.16%,-4.16%
Rupaya [OLD],RUPX,0.0039741,1149.51,?,4.77%,-54.76%,-70.92%
Smart Investm...,SIFT,3.24151,1094.62,?,-0.30%,-7.94%,-6.71%
Musiconomi,MCI,0.0628386,1093.95,?,-0.27%,17.62%,-8.52%
President Joh...,GARY,0.0753141,1057.12,?,-0.01%,-30.36%,-24.93%
First Bitcoin...,BITCF,0.0665904,1051.21,?,-0.01%,7.86%,-17.94%
Alphabit,ABC,15.9932,1015.32,?,0.00%,6.74%,36.47%
Hawala.Today,HAT,0.175247,1011.39,?,-5.95%,15.53%,-3.05%
UniversalRoya...,UNRC,0.000507969,979.209,?,0.01%,-5.87%,-41.90%
NamoCoin,NAMO,0.000111233,891.055,?,-41.60%,-7.04%,-39.15%
Rcoin,RCN,9.69293e-05,880.14,?,0.00%,8.02%,-26.55%
FlappyCoin,FLAP,9.20666e-07,763.591,?,0.33%,-98.24%,-42.89%
Peacecoin,PEC,0.0216152,759.346,?,-28.06%,-38.70%,40.99%
Yellow Token,YEL,0.00561854,736.397,?,6.19%,309.59%,42.76%
LePen,LEPEN,9.69687e-05,706.84,?,-0.01%,-4.99%,18.04%
eBIT,EBIT,0.00121678,612.772,?,13.25%,55.53%,37.29%
EXRNchain,EXRN,1.46014e-06,576.269,?,-0.24%,59.67%,50.65%
Sharkcoin,SAK,0.00232717,530.843,?,0.00%,-0.48%,41.71%
Coimatic 3.0,CTIC3,0.0032685,523.222,?,-0.03%,1.32%,10.95%
Storjcoin X,SJCX,0.273842,472.946,?,-3.34%,,-56.51%
GAY Money,GAY,0.0173487,441.47,?,0.00%,45.99%,-11.38%
TopCoin,TOP,0.000387723,432.836,?,0.00%,-56.24%,-55.35%
Dutch Coin,DUTCH,0.000484647,417.154,?,-16.68%,8.04%,7.09%
Protean,PRN,4.69065e-05,410.546,?,0.09%,57.38%,-38.66%
Bastonet,BSN,0.000678505,403.349,?,-0.01%,-31.25%,-34.63%
TIES Network,TIE,0.101723,397.158,?,-0.24%,3.32%,5.71%
Royalties,XRY,0.039882,386.943,?,-13.00%,-46.21%,-14.42%
Birds,BIRDS,9.69293e-05,361.444,?,,8.04%,-39.46%
Cyder,CYDER,0.000290788,355.286,?,-25.01%,1.64%,-19.21%
PeepCoin,PCN,1.52367e-06,327.891,?,2.56%,6.94%,-80.86%
AdCoin,ACC,0.116732,327.759,?,1.04%,15.34%,25.13%
DynamicCoin,DMC,0.00300937,321.945,?,1.08%,-6.74%,6.15%
GoldMaxCoin,GMX,0.0126074,301.342,?,-0.01%,-21.09%,1867.87%
Animecoin,ANI,0.000193859,289.092,?,0.00%,33.21%,80.25%
EtherDoge,EDOGE,4.86713e-07,286.187,?,-0.24%,6.44%,36.00%
Runners,RUNNERS,0.000290788,246.305,?,-0.01%,62.03%,-4.23%
Swapcoin,SWP,0.217561,228.269,?,-0.24%,116.27%,264.03%
Facecoin,FC,0.00437945,214.641,?,-0.24%,6.44%,22.34%
Regacoin,REGA,0.00203552,210.575,?,0.00%,-9.26%,-15.13%
Wowcoin,WOW,0.000193027,204.753,?,0.01%,72.95%,53.87%
Donationcoin,DON,0.000679337,186.223,?,18.15%,50.63%,68.84%
EDRCoin,EDRC,0.0482906,172.793,?,0.00%,2.84%,26.71%
First Bitcoin,BIT,0.0120192,170.457,?,-0.01%,-6.78%,0.03%
RabbitCoin,RBBT,2.59755e-06,163.705,?,13.72%,12.84%,35.18%
MarxCoin,MARX,0.000891462,163.692,?,-0.23%,-9.69%,19.46%
BatCoin,BAT,1.80025e-06,162.395,?,-8.44%,5.56%,-30.56%
PokeCoin,POKE,0.000193859,158.73,?,-0.01%,-27.99%,12.57%
PinkDog,PDG,9.69293e-05,156.438,?,-0.01%,-45.99%,-39.79%
Dashs,DASHS,0.0341191,147.605,?,-0.01%,14.69%,2.23%
Flash,FLASH,0.00533111,141.692,?,17.01%,8.27%,12.11%
RubleBit,RUBIT,0.00368331,140.245,?,-0.03%,10.94%,23.34%
Fonziecoin,FONZ,0.000581576,139.008,?,0.00%,8.02%,81.99%
Global Busine...,GBRC,9.69293e-05,118.456,?,0.00%,8.01%,
Aces,ACES,9.69293e-05,117.24,?,0.00%,-50.89%,-57.09%
Bongger,BGR,8.94076e-05,115.625,?,0.17%,-26.78%,
eLTC,ELTC2,8.27413e-05,113.404,?,-0.24%,-51.84%,93.61%
SnakeEyes,SNAKE,0.0318814,108.971,?,-11.61%,-0.39%,6.51%
Pirate Blocks,SKULL,0.00239208,105.552,?,-0.03%,19.69%,2.78%
StarCash Network,STARS,0.258883,101.513,?,-0.01%,14.92%,14.70%
Voyacoin,VOYA,1.74541,95.322,?,0.00%,-1.29%,-20.34%
Motocoin,MOTO,0.00261714,95.1469,?,0.00%,-19.65%,-10.31%
Minex,MINEX,0.0554436,94.9989,?,0.32%,9.51%,8.75%
AvatarCoin,AV,0.0310174,92.9757,?,-0.01%,9.70%,27.13%
Lazaruscoin,LAZ,0.00174473,85.1645,?,0.00%,-6.42%,-4.92%
netBit,NBIT,0.0491432,83.5672,?,0.00%,8.23%,85.47%
Happy Creator...,HCC,0.000775435,80.9926,?,0.00%,116.04%,61.00%
Sakuracoin,SKR,0.000770887,79.9613,?,-23.55%,-12.52%,35.12%
UNCoin,UNC,9.69293e-05,76.5938,?,-0.01%,8.02%,20.75%
Bubble,BUB,0.0165749,71.3274,?,-0.01%,40.95%,4.43%
HODL Bucks,HDLB,0.0630041,70.0198,?,-0.01%,27.66%,27.56%
10M Token,10MT,0.00254885,65.2196,?,-27.39%,-5.39%,-59.03%
KashhCoin,KASHH,9.69293e-05,61.8196,?,0.00%,2411.39%,25.60%
Granite,GRN,0.0158964,57.7521,?,-0.01%,10.36%,36.52%
LandCoin,LDCN,0.00645502,55.8977,?,0.00%,12.37%,43.41%
ZSEcoin,ZSE,0.0129971,55.0363,?,2.04%,28.76%,42.94%
BetaCoin,BET,0.00258604,54.3062,?,0.00%,-3.92%,3.92%
UR,UR,0.000587009,52.5927,?,0.31%,-5.19%,30.04%
TurboCoin,TURBO,9.69293e-05,49.3811,?,0.00%,7.92%,
Cubits,QBT,0.00203435,47.8607,?,-0.63%,15.56%,166.31%
eUSD,EUSD,0.000148448,43.3175,?,-0.24%,7.15%,-73.85%
AmsterdamCoin,AMS,0.00716452,42.5097,?,-0.01%,30.69%,8.73%
Bitcedi,BXC,0.00213619,39.1638,?,-7.75%,68.94%,60.83%
BlazerCoin,BLAZR,0.00113829,39.1094,?,0.76%,1.93%,-26.55%
Fazzcoin,FAZZ,0.00578981,37.997,?,3.79%,-5.68%,-1.31%
BestChain,BEST,0.00120543,36.5994,?,0.51%,20.75%,-8.32%
FireFlyCoin,FFC,9.69293e-05,36.1866,?,-39.52%,8.02%,20.76%
Clinton,CLINT,0.0104684,34.1882,?,0.00%,,17.49%
InvisibleCoin,IVZ,0.284875,32.5777,?,0.00%,,32.92%
Tellurion,TELL,0.000161112,28.6911,?,0.00%,-30.82%,-0.98%
Advanced Inte...,AIB,0.00400865,27.2822,?,0.00%,18.52%,36.83%
Hyper,HYPER,0.0298542,26.8087,?,0.00%,15.90%,18.72%
Faceblock,FBL,0.00136572,26.7692,?,-36.37%,10.38%,-96.82%
India Coin,INDIA,0.000193859,25.4325,?,-0.01%,8.04%,-29.78%
FAPcoin,FAP,0.0119223,25.0619,?,-0.01%,8.92%,-17.98%
Yescoin,YES,4.9103e-05,23.8759,?,-0.18%,598.90%,793.86%
Primulon,PRIMU,0.000137319,23.7678,?,-20.41%,-23.48%,-14.47%
WeAreSatoshi,WSX,0.0016478,22.978,?,0.00%,2.04%,-0.28%
Huncoin,HNC,0.00116315,22.4005,?,0.00%,8.02%,-29.31%
MobileCash,MBL,0.000290788,20.589,?,0.00%,-24.73%,-9.43%
Halloween Coin,HALLO,0.000290589,20.5274,?,0.00%,134.90%,68.85%
GoldUnionCoin,GUC,0.0830684,19.5234,?,-0.01%,,
DarkLisk,DISK,0.000969293,19.3858,?,0.00%,7.99%,21.03%
TodayCoin,TODAY,0.00106622,18.4999,?,-0.01%,18.82%,47.58%
Bitok,BITOK,9.69293e-05,17.4373,?,-0.01%,8.02%,87.24%
Avoncoin,ACN,0.000387717,16.5699,?,-0.01%,8.02%,2.32%
Quebecoin,QBC,0.0016478,15.2732,?,0.00%,8.14%,3.93%
Mavro,MAVRO,0.0121162,15.2566,?,0.00%,,-4.34%
IrishCoin,IRL,0.00310174,14.6854,?,0.00%,8.04%,28.87%
Magnetcoin,MAGN,0.552366,13.8083,?,0.04%,28.13%,38.85%
Infinity Pay,IPY,0.00146063,13.628,?,-0.30%,-31.00%,
MMXVI,MMXVI,0.00300481,12.783,?,0.00%,,6.89%
Topaz Coin,TOPAZ,0.0627363,11.6028,?,-0.01%,,-6.51%
UtaCoin,UTA,0.000872364,11.5289,?,0.00%,-11.62%,35.84%
Skeincoin,SKC,0.0032956,11.2149,?,7.22%,-3.33%,-4.98%
Quotient,XQN,0.00504032,10.0805,?,-0.01%,4.02%,-23.14%
PiCoin,PI,0.000969293,9.69293,?,-0.01%,,-28.76%
BitcoinCashSc...,BCCS,0.00261709,9.69293,?,-0.01%,-73.72%,-72.49%
BitAlphaCoin,BAC,0.00358638,7.60818,?,0.00%,,27.95%
FutCoin,FUTC,0.00184166,6.88227,?,0.03%,2.64%,17.82%
FrankyWillCoin,FRWC,0.0032956,6.59119,?,0.00%,8.04%,8.04%
Elacoin,ELC,0.0694983,6.58047,?,0.00%,-1.60%,21.04%
XDE II,XDE2,3.07906,6.36515,?,-0.01%,7.25%,5.08%
Cycling Coin,CYC,0.000969293,6.34819,?,0.00%,-1.80%,9.77%
DeltaCredits,DCRE,0.146751,6.16335,?,0.00%,0.77%,20.75%
GameLeagueCoin,GML,0.00814206,6.07611,?,0.00%,,-15.27%
MoneyCoin,MONEY,9.69293e-05,5.93731,?,-0.01%,8.17%,20.75%
Digital Bulli...,DBG,0.00581576,5.30203,?,0.00%,9.83%,21.16%
Infinitecoin,IFC,1.10607e-05,4.88516,?,,-6.59%,-18.80%
Axiom,AXIOM,0.0149271,4.06017,?,0.00%,8.04%,20.76%
Dubstep,DUB,0.00213244,3.51834,?,0.00%,13.16%,32.83%
Cheapcoin,CHEAP,0.000387717,3.39253,?,-0.01%,44.02%,-2.60%
ShellCoin,SHELL,0.0202582,3.12141,?,0.00%,,8.10%
Aseancoin,ASN,0.00474954,3.06452,?,-0.01%,47.12%,10.32%
SHACoin,SHA,0.000484647,2.54748,?,0.00%,8.02%,7.04%
TrickyCoin,TRICK,0.0135701,2.46191,?,0.00%,55.93%,16.85%
Coupecoin,COUPE,6.22575e-06,2.07009,?,0.39%,4.67%,-74.70%
LAthaan,LTH,0.000678505,1.93897,?,-0.01%,,20.75%
Golfcoin,GOLF,9.69293e-05,1.93859,?,-0.01%,8.02%,20.85%
Safe Trade Coin,XSTC,9.69293e-05,1.93277,?,0.00%,8.02%,20.75%
The Vegan Ini...,XVE,0.000387717,1.55077,?,0.00%,8.02%,-3.39%
Wowecoin,WEC,0.102,0.204,?,0.00%,-19.05%,-13.92%
BitCentavo,NBE,9.21728e-07,0.184346,?,0.18%,7.94%,-35.71%
9COIN,9COIN,0.00281095,0.0962508,?,0.00%,-4.43%,-7.19%
VegasCoin,VGC,0.000200489,0.0914449,?,2.63%,11.69%,
Karmacoin,KARMA,9.68257e-05,0.0,?,-0.18%,7.92%,20.90%
Sync,SYNC,436.827,0.0,?,,,36.04%
Xaucoin,XAU,0.0300727,0.0,?,,,22.96%
CyberCoin,CC,9.24646e-05,0.0,?,,3.05%,15.20%
EggCoin,EGG,0.0342557,0.0,?,,0.46%,12.30%
Moneta,MONETA,0.000385007,0.0,?,,7.28%,59.89%
Cashme,CME,8.50573e-05,0.0,?,,,-46.90%
X2,X2,9.27673e-05,0.0,?,,3.38%,13.21%
Opescoin,OPES,0.0017441,0.0,?,,,-16.24%
Psilocybin,PSY,0.0223362,0.0,?,,,0.33%
PayPeer,PAYP,9.01405e-05,0.0,?,,0.46%,12.56%
Operand,OP,0.000783529,0.0,?,,,-11.05%
TheCreed,TCR,0.000356905,0.0,?,,,36.29%
OCOW,OCOW,0.00425935,0.0,?,,,0.35%
SoulCoin,SOUL,8.16963e-05,0.0,?,,,1.77%
SafeCoin,SFE,9.60689e-05,0.0,?,,7.06%,
RichCoin,RICHX,0.00610267,0.0,?,,3.06%,4.39%
LinkedCoin,LKC,0.000170885,0.0,?,,,4.99%
International...,XID,0.00739309,0.0,?,,,13.15%
UGAIN,GAIN,0.00106476,0.0,?,,,-16.92%
Omicron,OMC,0.103857,0.0,?,,2.69%,22.06%
RoyalCoin,ROYAL,0.00338709,0.0,?,,,-4.05%
TeamUp,TEAM,0.000165556,0.0,?,,,-31.25%
CBD Crystals,CBD,0.00113267,0.0,?,,,-5.80%
AxFunds,AXF,0.0294091,0.0,?,,,
TeraCoin,TERA,8.60704e-05,0.0,?,,,
RHFCoin,RHFC,0.00135581,0.0,?,-0.10%,20.49%,54.07%
AMIS,AMIS,1174.93,0.0,?,,,
Tattoocoin (L...,TLE,0.15404,0.0,?,,,2.07%
Tyrocoin,TYC,0.0106279,0.0,?,,,-79.47%
Etherx,ETX,0.853206,0.0,?,,,
Wink,WINK,0.000264414,0.0,?,,,9.81%
Excelcoin,EXL,0.000137594,0.0,?,,,
BITFID,FID,0.0898689,0.0,?,,0.15%,-43.83%
AsicCoin,ASC,0.00070771,None,?,,,
microCoin,MRC,7.98706e-05,None,?,,,
